framework_key,framework_name,requirement_key,title,category,requirement_type,description,source_reference,measurement_key,evidence_types,verification_mode,verification_label,verification_guidance,canonical_control_key,canonical_control_name,mapping_status,mapping_type,mapping_confidence,mapping_basis,mapping_review_status,mapping_limitation,mapping_next_step,assessment_granularity,assessment_methods,scoring_model,required_artifacts,audit_boundary,authority_statement,assessment_method_reference,assessment_objective,applicability,pass_criteria,partial_criteria,fail_criteria,level_1,level_2,level_3,level_4
cis-controls-8.1,CIS Critical Security Controls,cis.01,Inventory and Control of Enterprise Assets,Asset management,Control,"Actively manage, track, and correct enterprise assets connected to the infrastructure.",CIS Controls v8.1: Control 1,,asset_inventory; reconciliation_report,hybrid,Document + Splunk tracking,"Use the check detail page to review evidence, record the assessment, and document any exception.",category.asset-management,Asset management,provisional,rollup,medium,CIS Controls v8.1 Control titles and implementation-group structure support grouping safeguards into shared security capability areas.,approved_for_rollup,This catalog is at Control level. CIS v8.1 contains 153 safeguards; safeguard-level assessment and the CIS Assessment Specification are required for an audit conclusion.,"Add safeguard-level content, implementation groups, and CAS measurement procedures.",Safeguard,CIS Assessment Specification measures; procedure review where specified,Safeguard implementation status; organization-defined scope and exceptions,CIS safeguard scope; CAS inputs and measures; implementation evidence; exception record,"CIS Controls are a prioritized control set; this app provides readiness evidence, not CIS certification",Control-level rows are roll-up navigation until safeguard-level CAS content is loaded and reviewed,CIS Controls Assessment Specification safeguard measurement procedures,Determine whether the Inventory and Control of Enterprise Assets safeguard area is implemented for the defined scope using the applicable CIS Assessment Specification measures.,Apply to the safeguards and implementation group in scope; record exclusions and dependencies.,"Applicable CAS measures and operating evidence meet the defined safeguard outcome, with exceptions owned and current.","Implementation evidence exists but one or more applicable measures, dependencies, or exceptions remain incomplete.",The safeguard outcome cannot be demonstrated with current evidence or the applicable measures are materially unmet.,,,,
cis-controls-8.1,CIS Critical Security Controls,cis.02,Inventory and Control of Software Assets,Asset management,Control,"Actively manage, track, and correct software on enterprise assets.",CIS Controls v8.1: Control 2,,software_inventory; approved_software_list,hybrid,Document + Splunk tracking,"Use the check detail page to review evidence, record the assessment, and document any exception.",category.asset-management,Asset management,provisional,rollup,medium,CIS Controls v8.1 Control titles and implementation-group structure support grouping safeguards into shared security capability areas.,approved_for_rollup,This catalog is at Control level. CIS v8.1 contains 153 safeguards; safeguard-level assessment and the CIS Assessment Specification are required for an audit conclusion.,"Add safeguard-level content, implementation groups, and CAS measurement procedures.",Safeguard,CIS Assessment Specification measures; procedure review where specified,Safeguard implementation status; organization-defined scope and exceptions,CIS safeguard scope; CAS inputs and measures; implementation evidence; exception record,"CIS Controls are a prioritized control set; this app provides readiness evidence, not CIS certification",Control-level rows are roll-up navigation until safeguard-level CAS content is loaded and reviewed,CIS Controls Assessment Specification safeguard measurement procedures,Determine whether the Inventory and Control of Software Assets safeguard area is implemented for the defined scope using the applicable CIS Assessment Specification measures.,Apply to the safeguards and implementation group in scope; record exclusions and dependencies.,"Applicable CAS measures and operating evidence meet the defined safeguard outcome, with exceptions owned and current.","Implementation evidence exists but one or more applicable measures, dependencies, or exceptions remain incomplete.",The safeguard outcome cannot be demonstrated with current evidence or the applicable measures are materially unmet.,,,,
cis-controls-8.1,CIS Critical Security Controls,cis.03,Data Protection,Data protection,Control,"Identify, classify, securely handle, retain, and dispose of data.",CIS Controls v8.1: Control 3,,data_inventory; classification_policy; access_review,hybrid,Document + Splunk tracking,"Use the check detail page to review evidence, record the assessment, and document any exception.",category.data-protection,Data protection,provisional,rollup,medium,CIS Controls v8.1 Control titles and implementation-group structure support grouping safeguards into shared security capability areas.,approved_for_rollup,This catalog is at Control level. CIS v8.1 contains 153 safeguards; safeguard-level assessment and the CIS Assessment Specification are required for an audit conclusion.,"Add safeguard-level content, implementation groups, and CAS measurement procedures.",Safeguard,CIS Assessment Specification measures; procedure review where specified,Safeguard implementation status; organization-defined scope and exceptions,CIS safeguard scope; CAS inputs and measures; implementation evidence; exception record,"CIS Controls are a prioritized control set; this app provides readiness evidence, not CIS certification",Control-level rows are roll-up navigation until safeguard-level CAS content is loaded and reviewed,CIS Controls Assessment Specification safeguard measurement procedures,Determine whether the Data Protection safeguard area is implemented for the defined scope using the applicable CIS Assessment Specification measures.,Apply to the safeguards and implementation group in scope; record exclusions and dependencies.,"Applicable CAS measures and operating evidence meet the defined safeguard outcome, with exceptions owned and current.","Implementation evidence exists but one or more applicable measures, dependencies, or exceptions remain incomplete.",The safeguard outcome cannot be demonstrated with current evidence or the applicable measures are materially unmet.,,,,
cis-controls-8.1,CIS Critical Security Controls,cis.04,Secure Configuration of Enterprise Assets and Software,Configuration management,Control,Establish and maintain secure configuration processes for enterprise assets and software.,CIS Controls v8.1: Control 4,,configuration_baseline; configuration_scan,hybrid,Document + Splunk tracking,"Use the check detail page to review evidence, record the assessment, and document any exception.",category.configuration-management,Configuration management,provisional,rollup,medium,CIS Controls v8.1 Control titles and implementation-group structure support grouping safeguards into shared security capability areas.,approved_for_rollup,This catalog is at Control level. CIS v8.1 contains 153 safeguards; safeguard-level assessment and the CIS Assessment Specification are required for an audit conclusion.,"Add safeguard-level content, implementation groups, and CAS measurement procedures.",Safeguard,CIS Assessment Specification measures; procedure review where specified,Safeguard implementation status; organization-defined scope and exceptions,CIS safeguard scope; CAS inputs and measures; implementation evidence; exception record,"CIS Controls are a prioritized control set; this app provides readiness evidence, not CIS certification",Control-level rows are roll-up navigation until safeguard-level CAS content is loaded and reviewed,CIS Controls Assessment Specification safeguard measurement procedures,Determine whether the Secure Configuration of Enterprise Assets and Software safeguard area is implemented for the defined scope using the applicable CIS Assessment Specification measures.,Apply to the safeguards and implementation group in scope; record exclusions and dependencies.,"Applicable CAS measures and operating evidence meet the defined safeguard outcome, with exceptions owned and current.","Implementation evidence exists but one or more applicable measures, dependencies, or exceptions remain incomplete.",The safeguard outcome cannot be demonstrated with current evidence or the applicable measures are materially unmet.,,,,
cis-controls-8.1,CIS Critical Security Controls,cis.05,Account Management,Identity,Control,Assign and manage authorization to credentials and accounts.,CIS Controls v8.1: Control 5,,account_inventory; access_review,hybrid,Document + Splunk tracking,"Use the check detail page to review evidence, record the assessment, and document any exception.",category.identity,Identity,provisional,rollup,medium,CIS Controls v8.1 Control titles and implementation-group structure support grouping safeguards into shared security capability areas.,approved_for_rollup,This catalog is at Control level. CIS v8.1 contains 153 safeguards; safeguard-level assessment and the CIS Assessment Specification are required for an audit conclusion.,"Add safeguard-level content, implementation groups, and CAS measurement procedures.",Safeguard,CIS Assessment Specification measures; procedure review where specified,Safeguard implementation status; organization-defined scope and exceptions,CIS safeguard scope; CAS inputs and measures; implementation evidence; exception record,"CIS Controls are a prioritized control set; this app provides readiness evidence, not CIS certification",Control-level rows are roll-up navigation until safeguard-level CAS content is loaded and reviewed,CIS Controls Assessment Specification safeguard measurement procedures,Determine whether the Account Management safeguard area is implemented for the defined scope using the applicable CIS Assessment Specification measures.,Apply to the safeguards and implementation group in scope; record exclusions and dependencies.,"Applicable CAS measures and operating evidence meet the defined safeguard outcome, with exceptions owned and current.","Implementation evidence exists but one or more applicable measures, dependencies, or exceptions remain incomplete.",The safeguard outcome cannot be demonstrated with current evidence or the applicable measures are materially unmet.,,,,
cis-controls-8.1,CIS Critical Security Controls,cis.06,Access Control Management,Identity,Control,"Create, assign, manage, and revoke access credentials and privileges.",CIS Controls v8.1: Control 6,,privileged_access_review; role_matrix,hybrid,Document + Splunk tracking,"Use the check detail page to review evidence, record the assessment, and document any exception.",category.identity,Identity,provisional,rollup,medium,CIS Controls v8.1 Control titles and implementation-group structure support grouping safeguards into shared security capability areas.,approved_for_rollup,This catalog is at Control level. CIS v8.1 contains 153 safeguards; safeguard-level assessment and the CIS Assessment Specification are required for an audit conclusion.,"Add safeguard-level content, implementation groups, and CAS measurement procedures.",Safeguard,CIS Assessment Specification measures; procedure review where specified,Safeguard implementation status; organization-defined scope and exceptions,CIS safeguard scope; CAS inputs and measures; implementation evidence; exception record,"CIS Controls are a prioritized control set; this app provides readiness evidence, not CIS certification",Control-level rows are roll-up navigation until safeguard-level CAS content is loaded and reviewed,CIS Controls Assessment Specification safeguard measurement procedures,Determine whether the Access Control Management safeguard area is implemented for the defined scope using the applicable CIS Assessment Specification measures.,Apply to the safeguards and implementation group in scope; record exclusions and dependencies.,"Applicable CAS measures and operating evidence meet the defined safeguard outcome, with exceptions owned and current.","Implementation evidence exists but one or more applicable measures, dependencies, or exceptions remain incomplete.",The safeguard outcome cannot be demonstrated with current evidence or the applicable measures are materially unmet.,,,,
cis-controls-8.1,CIS Critical Security Controls,cis.07,Continuous Vulnerability Management,Vulnerability management,Control,Continuously evaluate and track vulnerabilities on enterprise assets.,CIS Controls v8.1: Control 7,,vulnerability_scan; remediation_report,hybrid,Document + Splunk tracking,"Use the check detail page to review evidence, record the assessment, and document any exception.",category.vulnerability-management,Vulnerability management,provisional,rollup,medium,CIS Controls v8.1 Control titles and implementation-group structure support grouping safeguards into shared security capability areas.,approved_for_rollup,This catalog is at Control level. CIS v8.1 contains 153 safeguards; safeguard-level assessment and the CIS Assessment Specification are required for an audit conclusion.,"Add safeguard-level content, implementation groups, and CAS measurement procedures.",Safeguard,CIS Assessment Specification measures; procedure review where specified,Safeguard implementation status; organization-defined scope and exceptions,CIS safeguard scope; CAS inputs and measures; implementation evidence; exception record,"CIS Controls are a prioritized control set; this app provides readiness evidence, not CIS certification",Control-level rows are roll-up navigation until safeguard-level CAS content is loaded and reviewed,CIS Controls Assessment Specification safeguard measurement procedures,Determine whether the Continuous Vulnerability Management safeguard area is implemented for the defined scope using the applicable CIS Assessment Specification measures.,Apply to the safeguards and implementation group in scope; record exclusions and dependencies.,"Applicable CAS measures and operating evidence meet the defined safeguard outcome, with exceptions owned and current.","Implementation evidence exists but one or more applicable measures, dependencies, or exceptions remain incomplete.",The safeguard outcome cannot be demonstrated with current evidence or the applicable measures are materially unmet.,,,,
cis-controls-8.1,CIS Critical Security Controls,cis.08,Audit Log Management,Logging,Control,"Collect, alert, review, and retain audit logs to detect and recover from attacks.",CIS Controls v8.1: Control 8,,log_source_inventory; retention_policy; alert_history,hybrid,Document + Splunk tracking,"Use the check detail page to review evidence, record the assessment, and document any exception.",category.logging,Logging,provisional,rollup,medium,CIS Controls v8.1 Control titles and implementation-group structure support grouping safeguards into shared security capability areas.,approved_for_rollup,This catalog is at Control level. CIS v8.1 contains 153 safeguards; safeguard-level assessment and the CIS Assessment Specification are required for an audit conclusion.,"Add safeguard-level content, implementation groups, and CAS measurement procedures.",Safeguard,CIS Assessment Specification measures; procedure review where specified,Safeguard implementation status; organization-defined scope and exceptions,CIS safeguard scope; CAS inputs and measures; implementation evidence; exception record,"CIS Controls are a prioritized control set; this app provides readiness evidence, not CIS certification",Control-level rows are roll-up navigation until safeguard-level CAS content is loaded and reviewed,CIS Controls Assessment Specification safeguard measurement procedures,Determine whether the Audit Log Management safeguard area is implemented for the defined scope using the applicable CIS Assessment Specification measures.,Apply to the safeguards and implementation group in scope; record exclusions and dependencies.,"Applicable CAS measures and operating evidence meet the defined safeguard outcome, with exceptions owned and current.","Implementation evidence exists but one or more applicable measures, dependencies, or exceptions remain incomplete.",The safeguard outcome cannot be demonstrated with current evidence or the applicable measures are materially unmet.,,,,
cis-controls-8.1,CIS Critical Security Controls,cis.09,Email and Web Browser Protections,Protection,Control,Improve protections and detections for email and web browser attack vectors.,CIS Controls v8.1: Control 9,,gateway_configuration; malware_alerts,hybrid,Document + Splunk tracking,"Use the check detail page to review evidence, record the assessment, and document any exception.",category.protection,Protection,provisional,rollup,medium,CIS Controls v8.1 Control titles and implementation-group structure support grouping safeguards into shared security capability areas.,approved_for_rollup,This catalog is at Control level. CIS v8.1 contains 153 safeguards; safeguard-level assessment and the CIS Assessment Specification are required for an audit conclusion.,"Add safeguard-level content, implementation groups, and CAS measurement procedures.",Safeguard,CIS Assessment Specification measures; procedure review where specified,Safeguard implementation status; organization-defined scope and exceptions,CIS safeguard scope; CAS inputs and measures; implementation evidence; exception record,"CIS Controls are a prioritized control set; this app provides readiness evidence, not CIS certification",Control-level rows are roll-up navigation until safeguard-level CAS content is loaded and reviewed,CIS Controls Assessment Specification safeguard measurement procedures,Determine whether the Email and Web Browser Protections safeguard area is implemented for the defined scope using the applicable CIS Assessment Specification measures.,Apply to the safeguards and implementation group in scope; record exclusions and dependencies.,"Applicable CAS measures and operating evidence meet the defined safeguard outcome, with exceptions owned and current.","Implementation evidence exists but one or more applicable measures, dependencies, or exceptions remain incomplete.",The safeguard outcome cannot be demonstrated with current evidence or the applicable measures are materially unmet.,,,,
cis-controls-8.1,CIS Critical Security Controls,cis.10,Malware Defenses,Protection,Control,"Prevent or control the installation, spread, and execution of malicious code.",CIS Controls v8.1: Control 10,,endpoint_coverage; malware_alerts,hybrid,Document + Splunk tracking,"Use the check detail page to review evidence, record the assessment, and document any exception.",category.protection,Protection,provisional,rollup,medium,CIS Controls v8.1 Control titles and implementation-group structure support grouping safeguards into shared security capability areas.,approved_for_rollup,This catalog is at Control level. CIS v8.1 contains 153 safeguards; safeguard-level assessment and the CIS Assessment Specification are required for an audit conclusion.,"Add safeguard-level content, implementation groups, and CAS measurement procedures.",Safeguard,CIS Assessment Specification measures; procedure review where specified,Safeguard implementation status; organization-defined scope and exceptions,CIS safeguard scope; CAS inputs and measures; implementation evidence; exception record,"CIS Controls are a prioritized control set; this app provides readiness evidence, not CIS certification",Control-level rows are roll-up navigation until safeguard-level CAS content is loaded and reviewed,CIS Controls Assessment Specification safeguard measurement procedures,Determine whether the Malware Defenses safeguard area is implemented for the defined scope using the applicable CIS Assessment Specification measures.,Apply to the safeguards and implementation group in scope; record exclusions and dependencies.,"Applicable CAS measures and operating evidence meet the defined safeguard outcome, with exceptions owned and current.","Implementation evidence exists but one or more applicable measures, dependencies, or exceptions remain incomplete.",The safeguard outcome cannot be demonstrated with current evidence or the applicable measures are materially unmet.,,,,
cis-controls-8.1,CIS Critical Security Controls,cis.11,Data Recovery,Recovery,Control,Establish and maintain data recovery practices sufficient to restore assets and data.,CIS Controls v8.1: Control 11,,backup_inventory; restore_test,hybrid,Document + Splunk tracking,"Use the check detail page to review evidence, record the assessment, and document any exception.",category.recovery,Recovery,provisional,rollup,medium,CIS Controls v8.1 Control titles and implementation-group structure support grouping safeguards into shared security capability areas.,approved_for_rollup,This catalog is at Control level. CIS v8.1 contains 153 safeguards; safeguard-level assessment and the CIS Assessment Specification are required for an audit conclusion.,"Add safeguard-level content, implementation groups, and CAS measurement procedures.",Safeguard,CIS Assessment Specification measures; procedure review where specified,Safeguard implementation status; organization-defined scope and exceptions,CIS safeguard scope; CAS inputs and measures; implementation evidence; exception record,"CIS Controls are a prioritized control set; this app provides readiness evidence, not CIS certification",Control-level rows are roll-up navigation until safeguard-level CAS content is loaded and reviewed,CIS Controls Assessment Specification safeguard measurement procedures,Determine whether the Data Recovery safeguard area is implemented for the defined scope using the applicable CIS Assessment Specification measures.,Apply to the safeguards and implementation group in scope; record exclusions and dependencies.,"Applicable CAS measures and operating evidence meet the defined safeguard outcome, with exceptions owned and current.","Implementation evidence exists but one or more applicable measures, dependencies, or exceptions remain incomplete.",The safeguard outcome cannot be demonstrated with current evidence or the applicable measures are materially unmet.,,,,
cis-controls-8.1,CIS Critical Security Controls,cis.12,Network Infrastructure Management,Network,Control,Establish and maintain a secure network architecture and lifecycle process.,CIS Controls v8.1: Control 12,,network_inventory; architecture_review,hybrid,Document + Splunk tracking,"Use the check detail page to review evidence, record the assessment, and document any exception.",category.network,Network,provisional,rollup,medium,CIS Controls v8.1 Control titles and implementation-group structure support grouping safeguards into shared security capability areas.,approved_for_rollup,This catalog is at Control level. CIS v8.1 contains 153 safeguards; safeguard-level assessment and the CIS Assessment Specification are required for an audit conclusion.,"Add safeguard-level content, implementation groups, and CAS measurement procedures.",Safeguard,CIS Assessment Specification measures; procedure review where specified,Safeguard implementation status; organization-defined scope and exceptions,CIS safeguard scope; CAS inputs and measures; implementation evidence; exception record,"CIS Controls are a prioritized control set; this app provides readiness evidence, not CIS certification",Control-level rows are roll-up navigation until safeguard-level CAS content is loaded and reviewed,CIS Controls Assessment Specification safeguard measurement procedures,Determine whether the Network Infrastructure Management safeguard area is implemented for the defined scope using the applicable CIS Assessment Specification measures.,Apply to the safeguards and implementation group in scope; record exclusions and dependencies.,"Applicable CAS measures and operating evidence meet the defined safeguard outcome, with exceptions owned and current.","Implementation evidence exists but one or more applicable measures, dependencies, or exceptions remain incomplete.",The safeguard outcome cannot be demonstrated with current evidence or the applicable measures are materially unmet.,,,,
cis-controls-8.1,CIS Critical Security Controls,cis.13,Network Monitoring and Defense,Network,Control,Maintain comprehensive network monitoring and defense.,CIS Controls v8.1: Control 13,,network_telemetry; detection_inventory,hybrid,Document + Splunk tracking,"Use the check detail page to review evidence, record the assessment, and document any exception.",category.network,Network,provisional,rollup,medium,CIS Controls v8.1 Control titles and implementation-group structure support grouping safeguards into shared security capability areas.,approved_for_rollup,This catalog is at Control level. CIS v8.1 contains 153 safeguards; safeguard-level assessment and the CIS Assessment Specification are required for an audit conclusion.,"Add safeguard-level content, implementation groups, and CAS measurement procedures.",Safeguard,CIS Assessment Specification measures; procedure review where specified,Safeguard implementation status; organization-defined scope and exceptions,CIS safeguard scope; CAS inputs and measures; implementation evidence; exception record,"CIS Controls are a prioritized control set; this app provides readiness evidence, not CIS certification",Control-level rows are roll-up navigation until safeguard-level CAS content is loaded and reviewed,CIS Controls Assessment Specification safeguard measurement procedures,Determine whether the Network Monitoring and Defense safeguard area is implemented for the defined scope using the applicable CIS Assessment Specification measures.,Apply to the safeguards and implementation group in scope; record exclusions and dependencies.,"Applicable CAS measures and operating evidence meet the defined safeguard outcome, with exceptions owned and current.","Implementation evidence exists but one or more applicable measures, dependencies, or exceptions remain incomplete.",The safeguard outcome cannot be demonstrated with current evidence or the applicable measures are materially unmet.,,,,
cis-controls-8.1,CIS Critical Security Controls,cis.14,Security Awareness and Skills Training,People,Control,Establish and maintain security awareness and role-based skills training.,CIS Controls v8.1: Control 14,,training_record; training_completion,hybrid,Document + Splunk tracking,"Use the check detail page to review evidence, record the assessment, and document any exception.",category.people,People,provisional,rollup,medium,CIS Controls v8.1 Control titles and implementation-group structure support grouping safeguards into shared security capability areas.,approved_for_rollup,This catalog is at Control level. CIS v8.1 contains 153 safeguards; safeguard-level assessment and the CIS Assessment Specification are required for an audit conclusion.,"Add safeguard-level content, implementation groups, and CAS measurement procedures.",Safeguard,CIS Assessment Specification measures; procedure review where specified,Safeguard implementation status; organization-defined scope and exceptions,CIS safeguard scope; CAS inputs and measures; implementation evidence; exception record,"CIS Controls are a prioritized control set; this app provides readiness evidence, not CIS certification",Control-level rows are roll-up navigation until safeguard-level CAS content is loaded and reviewed,CIS Controls Assessment Specification safeguard measurement procedures,Determine whether the Security Awareness and Skills Training safeguard area is implemented for the defined scope using the applicable CIS Assessment Specification measures.,Apply to the safeguards and implementation group in scope; record exclusions and dependencies.,"Applicable CAS measures and operating evidence meet the defined safeguard outcome, with exceptions owned and current.","Implementation evidence exists but one or more applicable measures, dependencies, or exceptions remain incomplete.",The safeguard outcome cannot be demonstrated with current evidence or the applicable measures are materially unmet.,,,,
cis-controls-8.1,CIS Critical Security Controls,cis.15,Service Provider Management,Third party,Control,Evaluate service providers that hold enterprise data or support enterprise platforms.,CIS Controls v8.1: Control 15,,supplier_inventory; contract_review,hybrid,Document + Splunk tracking,"Use the check detail page to review evidence, record the assessment, and document any exception.",category.third-party,Third party,provisional,rollup,medium,CIS Controls v8.1 Control titles and implementation-group structure support grouping safeguards into shared security capability areas.,approved_for_rollup,This catalog is at Control level. CIS v8.1 contains 153 safeguards; safeguard-level assessment and the CIS Assessment Specification are required for an audit conclusion.,"Add safeguard-level content, implementation groups, and CAS measurement procedures.",Safeguard,CIS Assessment Specification measures; procedure review where specified,Safeguard implementation status; organization-defined scope and exceptions,CIS safeguard scope; CAS inputs and measures; implementation evidence; exception record,"CIS Controls are a prioritized control set; this app provides readiness evidence, not CIS certification",Control-level rows are roll-up navigation until safeguard-level CAS content is loaded and reviewed,CIS Controls Assessment Specification safeguard measurement procedures,Determine whether the Service Provider Management safeguard area is implemented for the defined scope using the applicable CIS Assessment Specification measures.,Apply to the safeguards and implementation group in scope; record exclusions and dependencies.,"Applicable CAS measures and operating evidence meet the defined safeguard outcome, with exceptions owned and current.","Implementation evidence exists but one or more applicable measures, dependencies, or exceptions remain incomplete.",The safeguard outcome cannot be demonstrated with current evidence or the applicable measures are materially unmet.,,,,
cis-controls-8.1,CIS Critical Security Controls,cis.16,Application Software Security,Application security,Control,Manage the security life cycle of application software.,CIS Controls v8.1: Control 16,,application_inventory; secure_development_review,hybrid,Document + Splunk tracking,"Use the check detail page to review evidence, record the assessment, and document any exception.",category.application-security,Application security,provisional,rollup,medium,CIS Controls v8.1 Control titles and implementation-group structure support grouping safeguards into shared security capability areas.,approved_for_rollup,This catalog is at Control level. CIS v8.1 contains 153 safeguards; safeguard-level assessment and the CIS Assessment Specification are required for an audit conclusion.,"Add safeguard-level content, implementation groups, and CAS measurement procedures.",Safeguard,CIS Assessment Specification measures; procedure review where specified,Safeguard implementation status; organization-defined scope and exceptions,CIS safeguard scope; CAS inputs and measures; implementation evidence; exception record,"CIS Controls are a prioritized control set; this app provides readiness evidence, not CIS certification",Control-level rows are roll-up navigation until safeguard-level CAS content is loaded and reviewed,CIS Controls Assessment Specification safeguard measurement procedures,Determine whether the Application Software Security safeguard area is implemented for the defined scope using the applicable CIS Assessment Specification measures.,Apply to the safeguards and implementation group in scope; record exclusions and dependencies.,"Applicable CAS measures and operating evidence meet the defined safeguard outcome, with exceptions owned and current.","Implementation evidence exists but one or more applicable measures, dependencies, or exceptions remain incomplete.",The safeguard outcome cannot be demonstrated with current evidence or the applicable measures are materially unmet.,,,,
cis-controls-8.1,CIS Critical Security Controls,cis.17,Incident Response Management,Incident response,Control,Establish and maintain an incident response program with defined roles and procedures.,CIS Controls v8.1: Control 17,,incident_response_plan; exercise_record,hybrid,Document + Splunk tracking,"Use the check detail page to review evidence, record the assessment, and document any exception.",category.incident-response,Incident response,provisional,rollup,medium,CIS Controls v8.1 Control titles and implementation-group structure support grouping safeguards into shared security capability areas.,approved_for_rollup,This catalog is at Control level. CIS v8.1 contains 153 safeguards; safeguard-level assessment and the CIS Assessment Specification are required for an audit conclusion.,"Add safeguard-level content, implementation groups, and CAS measurement procedures.",Safeguard,CIS Assessment Specification measures; procedure review where specified,Safeguard implementation status; organization-defined scope and exceptions,CIS safeguard scope; CAS inputs and measures; implementation evidence; exception record,"CIS Controls are a prioritized control set; this app provides readiness evidence, not CIS certification",Control-level rows are roll-up navigation until safeguard-level CAS content is loaded and reviewed,CIS Controls Assessment Specification safeguard measurement procedures,Determine whether the Incident Response Management safeguard area is implemented for the defined scope using the applicable CIS Assessment Specification measures.,Apply to the safeguards and implementation group in scope; record exclusions and dependencies.,"Applicable CAS measures and operating evidence meet the defined safeguard outcome, with exceptions owned and current.","Implementation evidence exists but one or more applicable measures, dependencies, or exceptions remain incomplete.",The safeguard outcome cannot be demonstrated with current evidence or the applicable measures are materially unmet.,,,,
cis-controls-8.1,CIS Critical Security Controls,cis.18,Penetration Testing,Assurance,Control,Test the effectiveness and resiliency of enterprise assets and controls through periodic penetration testing.,CIS Controls v8.1: Control 18,,penetration_test_report; remediation_record,hybrid,Document + Splunk tracking,"Use the check detail page to review evidence, record the assessment, and document any exception.",category.assurance,Assurance,provisional,rollup,medium,CIS Controls v8.1 Control titles and implementation-group structure support grouping safeguards into shared security capability areas.,approved_for_rollup,This catalog is at Control level. CIS v8.1 contains 153 safeguards; safeguard-level assessment and the CIS Assessment Specification are required for an audit conclusion.,"Add safeguard-level content, implementation groups, and CAS measurement procedures.",Safeguard,CIS Assessment Specification measures; procedure review where specified,Safeguard implementation status; organization-defined scope and exceptions,CIS safeguard scope; CAS inputs and measures; implementation evidence; exception record,"CIS Controls are a prioritized control set; this app provides readiness evidence, not CIS certification",Control-level rows are roll-up navigation until safeguard-level CAS content is loaded and reviewed,CIS Controls Assessment Specification safeguard measurement procedures,Determine whether the Penetration Testing safeguard area is implemented for the defined scope using the applicable CIS Assessment Specification measures.,Apply to the safeguards and implementation group in scope; record exclusions and dependencies.,"Applicable CAS measures and operating evidence meet the defined safeguard outcome, with exceptions owned and current.","Implementation evidence exists but one or more applicable measures, dependencies, or exceptions remain incomplete.",The safeguard outcome cannot be demonstrated with current evidence or the applicable measures are materially unmet.,,,,
cmmc-2.0-level-2,CMMC 2.0 Level 2,cmmc.ac,Access Control,Access Control,Control,"Limit information system access to authorized users, processes, devices, and approved functions.",CMMC 2.0 Level 2: AC,,access_policy; role_matrix; access_review,hybrid,Document + Splunk tracking,"Review the access policy and role design, then use current access review or authentication evidence to confirm operation.",category.access-control,Access Control,provisional,rollup,medium,CMMC domain names and the NIST SP 800-171 practice families align to shared capability areas.,approved_for_rollup,"Domain rows are not CMMC practices. Level 2 assessment requires practice-level evidence, scoring, and the applicable assessment methodology.","Add practice identifiers, assessment objectives, scoring rules, and C3PAO/self-assessment applicability.",Security Requirement Objective,"CMMC assessment objectives using Examine, Interview, and Test",MET/NOT MET with CMMC scoring and POA&M eligibility rules,CMMC Assessment Scope; SSP and version; evidence/artifact inventory; assessor results; POA&M where allowed,This app supports readiness and self-assessment preparation; only the authorized assessment path can establish CMMC status,Domain-level rows are roll-up navigation until requirement objective content is loaded,CMMC Level 2 Assessment Guide and applicable CAP procedures,Determine whether the Access Control domain practices and applicable requirement objectives are MET for the CMMC Assessment Scope.,"Apply to the CMMC Assessment Scope, SSP version, CUI assets, and applicable external service providers.","Applicable requirement objectives are MET through Examine, Interview, and Test evidence and the result is documented for the assessor.","Readiness evidence exists but one or more objectives, scope links, or artifact reviews remain incomplete; do not treat this as certification.",One or more applicable objectives are NOT MET or cannot be demonstrated for the defined scope.,,,,
cmmc-2.0-level-2,CMMC 2.0 Level 2,cmmc.at,Awareness and Training,Awareness and Training,Control,Provide security awareness and role-based training to personnel with CUI responsibilities.,CMMC 2.0 Level 2: AT,,training_policy; training_records; completion_report,document,Document review,"Review the approved training policy, assignments, completion evidence, overdue remediation, and role-specific content.",category.awareness-and-training,Awareness and Training,provisional,rollup,medium,CMMC domain names and the NIST SP 800-171 practice families align to shared capability areas.,approved_for_rollup,"Domain rows are not CMMC practices. Level 2 assessment requires practice-level evidence, scoring, and the applicable assessment methodology.","Add practice identifiers, assessment objectives, scoring rules, and C3PAO/self-assessment applicability.",Security Requirement Objective,"CMMC assessment objectives using Examine, Interview, and Test",MET/NOT MET with CMMC scoring and POA&M eligibility rules,CMMC Assessment Scope; SSP and version; evidence/artifact inventory; assessor results; POA&M where allowed,This app supports readiness and self-assessment preparation; only the authorized assessment path can establish CMMC status,Domain-level rows are roll-up navigation until requirement objective content is loaded,CMMC Level 2 Assessment Guide and applicable CAP procedures,Determine whether the Awareness and Training domain practices and applicable requirement objectives are MET for the CMMC Assessment Scope.,"Apply to the CMMC Assessment Scope, SSP version, CUI assets, and applicable external service providers.","Applicable requirement objectives are MET through Examine, Interview, and Test evidence and the result is documented for the assessor.","Readiness evidence exists but one or more objectives, scope links, or artifact reviews remain incomplete; do not treat this as certification.",One or more applicable objectives are NOT MET or cannot be demonstrated for the defined scope.,,,,
cmmc-2.0-level-2,CMMC 2.0 Level 2,cmmc.au,Audit and Accountability,Audit and Accountability,Control,"Create, protect, review, and retain audit records for accountable activity.",CMMC 2.0 Level 2: AU,,audit_policy; log_source_inventory; retention_report,hybrid,Document + Splunk tracking,"Review the audit policy and use Splunk tracking to show source coverage, review activity, alerting, and retention.",category.audit-and-accountability,Audit and Accountability,provisional,rollup,medium,CMMC domain names and the NIST SP 800-171 practice families align to shared capability areas.,approved_for_rollup,"Domain rows are not CMMC practices. Level 2 assessment requires practice-level evidence, scoring, and the applicable assessment methodology.","Add practice identifiers, assessment objectives, scoring rules, and C3PAO/self-assessment applicability.",Security Requirement Objective,"CMMC assessment objectives using Examine, Interview, and Test",MET/NOT MET with CMMC scoring and POA&M eligibility rules,CMMC Assessment Scope; SSP and version; evidence/artifact inventory; assessor results; POA&M where allowed,This app supports readiness and self-assessment preparation; only the authorized assessment path can establish CMMC status,Domain-level rows are roll-up navigation until requirement objective content is loaded,CMMC Level 2 Assessment Guide and applicable CAP procedures,Determine whether the Audit and Accountability domain practices and applicable requirement objectives are MET for the CMMC Assessment Scope.,"Apply to the CMMC Assessment Scope, SSP version, CUI assets, and applicable external service providers.","Applicable requirement objectives are MET through Examine, Interview, and Test evidence and the result is documented for the assessor.","Readiness evidence exists but one or more objectives, scope links, or artifact reviews remain incomplete; do not treat this as certification.",One or more applicable objectives are NOT MET or cannot be demonstrated for the defined scope.,,,,
cmmc-2.0-level-2,CMMC 2.0 Level 2,cmmc.ca,Assessment,Assessment,Control,Assess and monitor security controls and manage plans of action for deficiencies.,CMMC 2.0 Level 2: CA,,assessment_report; poam; monitoring_report,hybrid,Document + Splunk tracking,"Review the assessment scope and POA&M, then verify findings have owners, due dates, and current status.",category.assessment,Assessment,provisional,rollup,medium,CMMC domain names and the NIST SP 800-171 practice families align to shared capability areas.,approved_for_rollup,"Domain rows are not CMMC practices. Level 2 assessment requires practice-level evidence, scoring, and the applicable assessment methodology.","Add practice identifiers, assessment objectives, scoring rules, and C3PAO/self-assessment applicability.",Security Requirement Objective,"CMMC assessment objectives using Examine, Interview, and Test",MET/NOT MET with CMMC scoring and POA&M eligibility rules,CMMC Assessment Scope; SSP and version; evidence/artifact inventory; assessor results; POA&M where allowed,This app supports readiness and self-assessment preparation; only the authorized assessment path can establish CMMC status,Domain-level rows are roll-up navigation until requirement objective content is loaded,CMMC Level 2 Assessment Guide and applicable CAP procedures,Determine whether the Assessment domain practices and applicable requirement objectives are MET for the CMMC Assessment Scope.,"Apply to the CMMC Assessment Scope, SSP version, CUI assets, and applicable external service providers.","Applicable requirement objectives are MET through Examine, Interview, and Test evidence and the result is documented for the assessor.","Readiness evidence exists but one or more objectives, scope links, or artifact reviews remain incomplete; do not treat this as certification.",One or more applicable objectives are NOT MET or cannot be demonstrated for the defined scope.,,,,
cmmc-2.0-level-2,CMMC 2.0 Level 2,cmmc.cm,Configuration Management,Configuration Management,Control,"Establish and maintain secure baselines, inventories, and controlled changes.",CMMC 2.0 Level 2: CM,,configuration_baseline; asset_inventory; change_record,technical,Splunk tracking,"Use a configuration or asset dashboard to show baseline coverage, drift, approved changes, and exceptions.",category.configuration-management,Configuration Management,provisional,rollup,medium,CMMC domain names and the NIST SP 800-171 practice families align to shared capability areas.,approved_for_rollup,"Domain rows are not CMMC practices. Level 2 assessment requires practice-level evidence, scoring, and the applicable assessment methodology.","Add practice identifiers, assessment objectives, scoring rules, and C3PAO/self-assessment applicability.",Security Requirement Objective,"CMMC assessment objectives using Examine, Interview, and Test",MET/NOT MET with CMMC scoring and POA&M eligibility rules,CMMC Assessment Scope; SSP and version; evidence/artifact inventory; assessor results; POA&M where allowed,This app supports readiness and self-assessment preparation; only the authorized assessment path can establish CMMC status,Domain-level rows are roll-up navigation until requirement objective content is loaded,CMMC Level 2 Assessment Guide and applicable CAP procedures,Determine whether the Configuration Management domain practices and applicable requirement objectives are MET for the CMMC Assessment Scope.,"Apply to the CMMC Assessment Scope, SSP version, CUI assets, and applicable external service providers.","Applicable requirement objectives are MET through Examine, Interview, and Test evidence and the result is documented for the assessor.","Readiness evidence exists but one or more objectives, scope links, or artifact reviews remain incomplete; do not treat this as certification.",One or more applicable objectives are NOT MET or cannot be demonstrated for the defined scope.,,,,
cmmc-2.0-level-2,CMMC 2.0 Level 2,cmmc.ia,Identification and Authentication,Identification and Authentication,Control,"Identify and authenticate users, devices, and processes before access to systems and CUI.",CMMC 2.0 Level 2: IA,,identity_policy; mfa_report; authentication_logs,technical,Splunk tracking,"Use authentication tracking to show unique identities, MFA coverage, device trust, and exceptions.",category.identification-and-authentication,Identification and Authentication,provisional,rollup,medium,CMMC domain names and the NIST SP 800-171 practice families align to shared capability areas.,approved_for_rollup,"Domain rows are not CMMC practices. Level 2 assessment requires practice-level evidence, scoring, and the applicable assessment methodology.","Add practice identifiers, assessment objectives, scoring rules, and C3PAO/self-assessment applicability.",Security Requirement Objective,"CMMC assessment objectives using Examine, Interview, and Test",MET/NOT MET with CMMC scoring and POA&M eligibility rules,CMMC Assessment Scope; SSP and version; evidence/artifact inventory; assessor results; POA&M where allowed,This app supports readiness and self-assessment preparation; only the authorized assessment path can establish CMMC status,Domain-level rows are roll-up navigation until requirement objective content is loaded,CMMC Level 2 Assessment Guide and applicable CAP procedures,Determine whether the Identification and Authentication domain practices and applicable requirement objectives are MET for the CMMC Assessment Scope.,"Apply to the CMMC Assessment Scope, SSP version, CUI assets, and applicable external service providers.","Applicable requirement objectives are MET through Examine, Interview, and Test evidence and the result is documented for the assessor.","Readiness evidence exists but one or more objectives, scope links, or artifact reviews remain incomplete; do not treat this as certification.",One or more applicable objectives are NOT MET or cannot be demonstrated for the defined scope.,,,,
cmmc-2.0-level-2,CMMC 2.0 Level 2,cmmc.ir,Incident Response,Incident Response,Control,"Establish and operate an incident response capability for detecting, reporting, analyzing, and responding to incidents.",CMMC 2.0 Level 2: IR,,incident_response_plan; incident_record; exercise_record,hybrid,Document + Splunk tracking,"Review the response plan and confirm current alert, incident, escalation, and exercise evidence.",category.incident-response,Incident Response,provisional,rollup,medium,CMMC domain names and the NIST SP 800-171 practice families align to shared capability areas.,approved_for_rollup,"Domain rows are not CMMC practices. Level 2 assessment requires practice-level evidence, scoring, and the applicable assessment methodology.","Add practice identifiers, assessment objectives, scoring rules, and C3PAO/self-assessment applicability.",Security Requirement Objective,"CMMC assessment objectives using Examine, Interview, and Test",MET/NOT MET with CMMC scoring and POA&M eligibility rules,CMMC Assessment Scope; SSP and version; evidence/artifact inventory; assessor results; POA&M where allowed,This app supports readiness and self-assessment preparation; only the authorized assessment path can establish CMMC status,Domain-level rows are roll-up navigation until requirement objective content is loaded,CMMC Level 2 Assessment Guide and applicable CAP procedures,Determine whether the Incident Response domain practices and applicable requirement objectives are MET for the CMMC Assessment Scope.,"Apply to the CMMC Assessment Scope, SSP version, CUI assets, and applicable external service providers.","Applicable requirement objectives are MET through Examine, Interview, and Test evidence and the result is documented for the assessor.","Readiness evidence exists but one or more objectives, scope links, or artifact reviews remain incomplete; do not treat this as certification.",One or more applicable objectives are NOT MET or cannot be demonstrated for the defined scope.,,,,
cmmc-2.0-level-2,CMMC 2.0 Level 2,cmmc.ma,Maintenance,Maintenance,Control,Perform controlled maintenance and monitor maintenance tools and personnel.,CMMC 2.0 Level 2: MA,,maintenance_policy; maintenance_records; remote_access_logs,hybrid,Document + Splunk tracking,"Review the maintenance procedure and sample records or logs for authorization, monitoring, and completion.",category.maintenance,Maintenance,provisional,rollup,medium,CMMC domain names and the NIST SP 800-171 practice families align to shared capability areas.,approved_for_rollup,"Domain rows are not CMMC practices. Level 2 assessment requires practice-level evidence, scoring, and the applicable assessment methodology.","Add practice identifiers, assessment objectives, scoring rules, and C3PAO/self-assessment applicability.",Security Requirement Objective,"CMMC assessment objectives using Examine, Interview, and Test",MET/NOT MET with CMMC scoring and POA&M eligibility rules,CMMC Assessment Scope; SSP and version; evidence/artifact inventory; assessor results; POA&M where allowed,This app supports readiness and self-assessment preparation; only the authorized assessment path can establish CMMC status,Domain-level rows are roll-up navigation until requirement objective content is loaded,CMMC Level 2 Assessment Guide and applicable CAP procedures,Determine whether the Maintenance domain practices and applicable requirement objectives are MET for the CMMC Assessment Scope.,"Apply to the CMMC Assessment Scope, SSP version, CUI assets, and applicable external service providers.","Applicable requirement objectives are MET through Examine, Interview, and Test evidence and the result is documented for the assessor.","Readiness evidence exists but one or more objectives, scope links, or artifact reviews remain incomplete; do not treat this as certification.",One or more applicable objectives are NOT MET or cannot be demonstrated for the defined scope.,,,,
cmmc-2.0-level-2,CMMC 2.0 Level 2,cmmc.mp,Media Protection,Media Protection,Control,Protect and sanitize digital and non-digital media containing CUI.,CMMC 2.0 Level 2: MP,,media_policy; media_inventory; sanitization_record,document,Document review,"Review approved media handling, transport, storage, sanitization, and disposal procedures and records.",category.media-protection,Media Protection,provisional,rollup,medium,CMMC domain names and the NIST SP 800-171 practice families align to shared capability areas.,approved_for_rollup,"Domain rows are not CMMC practices. Level 2 assessment requires practice-level evidence, scoring, and the applicable assessment methodology.","Add practice identifiers, assessment objectives, scoring rules, and C3PAO/self-assessment applicability.",Security Requirement Objective,"CMMC assessment objectives using Examine, Interview, and Test",MET/NOT MET with CMMC scoring and POA&M eligibility rules,CMMC Assessment Scope; SSP and version; evidence/artifact inventory; assessor results; POA&M where allowed,This app supports readiness and self-assessment preparation; only the authorized assessment path can establish CMMC status,Domain-level rows are roll-up navigation until requirement objective content is loaded,CMMC Level 2 Assessment Guide and applicable CAP procedures,Determine whether the Media Protection domain practices and applicable requirement objectives are MET for the CMMC Assessment Scope.,"Apply to the CMMC Assessment Scope, SSP version, CUI assets, and applicable external service providers.","Applicable requirement objectives are MET through Examine, Interview, and Test evidence and the result is documented for the assessor.","Readiness evidence exists but one or more objectives, scope links, or artifact reviews remain incomplete; do not treat this as certification.",One or more applicable objectives are NOT MET or cannot be demonstrated for the defined scope.,,,,
cmmc-2.0-level-2,CMMC 2.0 Level 2,cmmc.pe,Physical Protection,Physical Protection,Control,"Limit physical access and protect systems, facilities, and support infrastructure.",CMMC 2.0 Level 2: PE,,physical_security_policy; visitor_log; facility_test,document,Document review,"Review approved physical security procedures and current access, visitor, environmental, and facility test records.",category.physical-protection,Physical Protection,provisional,rollup,medium,CMMC domain names and the NIST SP 800-171 practice families align to shared capability areas.,approved_for_rollup,"Domain rows are not CMMC practices. Level 2 assessment requires practice-level evidence, scoring, and the applicable assessment methodology.","Add practice identifiers, assessment objectives, scoring rules, and C3PAO/self-assessment applicability.",Security Requirement Objective,"CMMC assessment objectives using Examine, Interview, and Test",MET/NOT MET with CMMC scoring and POA&M eligibility rules,CMMC Assessment Scope; SSP and version; evidence/artifact inventory; assessor results; POA&M where allowed,This app supports readiness and self-assessment preparation; only the authorized assessment path can establish CMMC status,Domain-level rows are roll-up navigation until requirement objective content is loaded,CMMC Level 2 Assessment Guide and applicable CAP procedures,Determine whether the Physical Protection domain practices and applicable requirement objectives are MET for the CMMC Assessment Scope.,"Apply to the CMMC Assessment Scope, SSP version, CUI assets, and applicable external service providers.","Applicable requirement objectives are MET through Examine, Interview, and Test evidence and the result is documented for the assessor.","Readiness evidence exists but one or more objectives, scope links, or artifact reviews remain incomplete; do not treat this as certification.",One or more applicable objectives are NOT MET or cannot be demonstrated for the defined scope.,,,,
cmmc-2.0-level-2,CMMC 2.0 Level 2,cmmc.ps,Personnel Security,Personnel Security,Control,"Screen personnel and manage access changes when personnel are assigned, transferred, or terminated.",CMMC 2.0 Level 2: PS,,personnel_security_policy; screening_record; termination_checklist,document,Document review,"Review the personnel security procedure and sample screening, transfer, and termination records.",category.personnel-security,Personnel Security,provisional,rollup,medium,CMMC domain names and the NIST SP 800-171 practice families align to shared capability areas.,approved_for_rollup,"Domain rows are not CMMC practices. Level 2 assessment requires practice-level evidence, scoring, and the applicable assessment methodology.","Add practice identifiers, assessment objectives, scoring rules, and C3PAO/self-assessment applicability.",Security Requirement Objective,"CMMC assessment objectives using Examine, Interview, and Test",MET/NOT MET with CMMC scoring and POA&M eligibility rules,CMMC Assessment Scope; SSP and version; evidence/artifact inventory; assessor results; POA&M where allowed,This app supports readiness and self-assessment preparation; only the authorized assessment path can establish CMMC status,Domain-level rows are roll-up navigation until requirement objective content is loaded,CMMC Level 2 Assessment Guide and applicable CAP procedures,Determine whether the Personnel Security domain practices and applicable requirement objectives are MET for the CMMC Assessment Scope.,"Apply to the CMMC Assessment Scope, SSP version, CUI assets, and applicable external service providers.","Applicable requirement objectives are MET through Examine, Interview, and Test evidence and the result is documented for the assessor.","Readiness evidence exists but one or more objectives, scope links, or artifact reviews remain incomplete; do not treat this as certification.",One or more applicable objectives are NOT MET or cannot be demonstrated for the defined scope.,,,,
cmmc-2.0-level-2,CMMC 2.0 Level 2,cmmc.ra,Risk Assessment,Risk Assessment,Control,"Periodically assess risk to organizational operations, assets, individuals, and other organizations.",CMMC 2.0 Level 2: RA,,risk_assessment; risk_register; threat_assessment,hybrid,Document + Splunk tracking,"Review the current risk assessment and register, then confirm material risks have owners and treatment decisions.",category.risk-assessment,Risk Assessment,provisional,rollup,medium,CMMC domain names and the NIST SP 800-171 practice families align to shared capability areas.,approved_for_rollup,"Domain rows are not CMMC practices. Level 2 assessment requires practice-level evidence, scoring, and the applicable assessment methodology.","Add practice identifiers, assessment objectives, scoring rules, and C3PAO/self-assessment applicability.",Security Requirement Objective,"CMMC assessment objectives using Examine, Interview, and Test",MET/NOT MET with CMMC scoring and POA&M eligibility rules,CMMC Assessment Scope; SSP and version; evidence/artifact inventory; assessor results; POA&M where allowed,This app supports readiness and self-assessment preparation; only the authorized assessment path can establish CMMC status,Domain-level rows are roll-up navigation until requirement objective content is loaded,CMMC Level 2 Assessment Guide and applicable CAP procedures,Determine whether the Risk Assessment domain practices and applicable requirement objectives are MET for the CMMC Assessment Scope.,"Apply to the CMMC Assessment Scope, SSP version, CUI assets, and applicable external service providers.","Applicable requirement objectives are MET through Examine, Interview, and Test evidence and the result is documented for the assessor.","Readiness evidence exists but one or more objectives, scope links, or artifact reviews remain incomplete; do not treat this as certification.",One or more applicable objectives are NOT MET or cannot be demonstrated for the defined scope.,,,,
cmmc-2.0-level-2,CMMC 2.0 Level 2,cmmc.sc,System and Communications Protection,Communications Protection,Control,"Monitor, control, and protect communications at external and key internal boundaries.",CMMC 2.0 Level 2: SC,,network_architecture; encryption_configuration; firewall_review,technical,Splunk tracking,"Use network tracking to show protected flows, boundary controls, encryption, and unresolved exceptions.",category.communications-protection,Communications Protection,provisional,rollup,medium,CMMC domain names and the NIST SP 800-171 practice families align to shared capability areas.,approved_for_rollup,"Domain rows are not CMMC practices. Level 2 assessment requires practice-level evidence, scoring, and the applicable assessment methodology.","Add practice identifiers, assessment objectives, scoring rules, and C3PAO/self-assessment applicability.",Security Requirement Objective,"CMMC assessment objectives using Examine, Interview, and Test",MET/NOT MET with CMMC scoring and POA&M eligibility rules,CMMC Assessment Scope; SSP and version; evidence/artifact inventory; assessor results; POA&M where allowed,This app supports readiness and self-assessment preparation; only the authorized assessment path can establish CMMC status,Domain-level rows are roll-up navigation until requirement objective content is loaded,CMMC Level 2 Assessment Guide and applicable CAP procedures,Determine whether the System and Communications Protection domain practices and applicable requirement objectives are MET for the CMMC Assessment Scope.,"Apply to the CMMC Assessment Scope, SSP version, CUI assets, and applicable external service providers.","Applicable requirement objectives are MET through Examine, Interview, and Test evidence and the result is documented for the assessor.","Readiness evidence exists but one or more objectives, scope links, or artifact reviews remain incomplete; do not treat this as certification.",One or more applicable objectives are NOT MET or cannot be demonstrated for the defined scope.,,,,
cmmc-2.0-level-2,CMMC 2.0 Level 2,cmmc.si,System and Information Integrity,System Integrity,Control,"Identify, report, and correct flaws, malicious code, and unauthorized changes.",CMMC 2.0 Level 2: SI,,vulnerability_report; malware_alerts; integrity_monitoring,technical,Splunk tracking,"Use Splunk tracking to show vulnerability, malware, integrity, and remediation status for in-scope systems.",category.system-integrity,System Integrity,provisional,rollup,medium,CMMC domain names and the NIST SP 800-171 practice families align to shared capability areas.,approved_for_rollup,"Domain rows are not CMMC practices. Level 2 assessment requires practice-level evidence, scoring, and the applicable assessment methodology.","Add practice identifiers, assessment objectives, scoring rules, and C3PAO/self-assessment applicability.",Security Requirement Objective,"CMMC assessment objectives using Examine, Interview, and Test",MET/NOT MET with CMMC scoring and POA&M eligibility rules,CMMC Assessment Scope; SSP and version; evidence/artifact inventory; assessor results; POA&M where allowed,This app supports readiness and self-assessment preparation; only the authorized assessment path can establish CMMC status,Domain-level rows are roll-up navigation until requirement objective content is loaded,CMMC Level 2 Assessment Guide and applicable CAP procedures,Determine whether the System and Information Integrity domain practices and applicable requirement objectives are MET for the CMMC Assessment Scope.,"Apply to the CMMC Assessment Scope, SSP version, CUI assets, and applicable external service providers.","Applicable requirement objectives are MET through Examine, Interview, and Test evidence and the result is documented for the assessor.","Readiness evidence exists but one or more objectives, scope links, or artifact reviews remain incomplete; do not treat this as certification.",One or more applicable objectives are NOT MET or cannot be demonstrated for the defined scope.,,,,
dfars-cyber-clauses,DFARS Cybersecurity Clauses,dfars.7012.covered-information,Safeguard covered defense information,7012,Obligation,Identify covered defense information and protect it on covered contractor information systems using the contractually applicable security requirements.,DFARS 252.204-7012(b),,data_flow; system_security_plan; control_evidence,hybrid,Document + Splunk tracking,"Use the check detail page to review evidence, record the assessment, and document any exception.",category.7012,7012,provisional,contextual,medium,"DFARS cyber clauses establish contract-specific obligations for covered information, reporting, assessment, and CMMC applicability.",approved_for_rollup,Clause applicability and flowdown are contract-specific legal determinations; rows do not establish compliance or a DoD assessment score.,"Attach the contract, clause version, covered system boundary, flowdown register, and required assessment/reporting evidence.",Contract clause obligation and covered system evidence,Contract applicability review; document review; interview; technical evidence; incident and assessment record review,"Contractual obligation status with applicability, evidence, reporting, and remediation state",Contract and flowdown register; covered system boundary; SSP; incident records; NIST assessment; CMMC applicability evidence,DFARS status is contract-specific; this app does not determine legal applicability or create a DoD assessment result,Rows are foundational clause obligations and require contract-specific applicability review,"DFARS 252.204-7012, 252.204-7019, 252.204-7020, and 252.204-7021",Determine whether the Safeguard covered defense information obligation is applicable to the contract and is implemented with current contractual and technical evidence.,"Apply only when the contract, solicitation, subcontract, or flowdown invokes the applicable DFARS clause; record clause text, contract scope, and covered information system boundary.","The applicable clause obligation is mapped to an accountable owner, current evidence, required reporting or assessment records, and documented exceptions.","The obligation is recognized and partly implemented, but clause applicability, flowdown, evidence, reporting, or remediation is incomplete.","The obligation is applicable but cannot be demonstrated, required reporting or preservation is not operational, or the covered boundary is undefined.",,,,
dfars-cyber-clauses,DFARS Cybersecurity Clauses,dfars.7012.incident-reporting,Report cyber incidents,7012,Obligation,"Maintain the capability to identify, report, preserve, and support investigation of reportable cyber incidents within the required contract timeline.",DFARS 252.204-7012(c),,incident_record; reporting_procedure; preservation_record,hybrid,Document + Splunk tracking,"Use the check detail page to review evidence, record the assessment, and document any exception.",category.7012,7012,provisional,contextual,medium,"DFARS cyber clauses establish contract-specific obligations for covered information, reporting, assessment, and CMMC applicability.",approved_for_rollup,Clause applicability and flowdown are contract-specific legal determinations; rows do not establish compliance or a DoD assessment score.,"Attach the contract, clause version, covered system boundary, flowdown register, and required assessment/reporting evidence.",Contract clause obligation and covered system evidence,Contract applicability review; document review; interview; technical evidence; incident and assessment record review,"Contractual obligation status with applicability, evidence, reporting, and remediation state",Contract and flowdown register; covered system boundary; SSP; incident records; NIST assessment; CMMC applicability evidence,DFARS status is contract-specific; this app does not determine legal applicability or create a DoD assessment result,Rows are foundational clause obligations and require contract-specific applicability review,"DFARS 252.204-7012, 252.204-7019, 252.204-7020, and 252.204-7021",Determine whether the Report cyber incidents obligation is applicable to the contract and is implemented with current contractual and technical evidence.,"Apply only when the contract, solicitation, subcontract, or flowdown invokes the applicable DFARS clause; record clause text, contract scope, and covered information system boundary.","The applicable clause obligation is mapped to an accountable owner, current evidence, required reporting or assessment records, and documented exceptions.","The obligation is recognized and partly implemented, but clause applicability, flowdown, evidence, reporting, or remediation is incomplete.","The obligation is applicable but cannot be demonstrated, required reporting or preservation is not operational, or the covered boundary is undefined.",,,,
dfars-cyber-clauses,DFARS Cybersecurity Clauses,dfars.7012.evidence-preservation,Preserve incident evidence,7012,Obligation,"Preserve images, relevant monitoring data, and other information needed for DoD forensic analysis after a reportable incident.",DFARS 252.204-7012(c)(1)-(2),,retention_policy; preservation_record; restore_test,hybrid,Document + Splunk tracking,"Use the check detail page to review evidence, record the assessment, and document any exception.",category.7012,7012,provisional,contextual,medium,"DFARS cyber clauses establish contract-specific obligations for covered information, reporting, assessment, and CMMC applicability.",approved_for_rollup,Clause applicability and flowdown are contract-specific legal determinations; rows do not establish compliance or a DoD assessment score.,"Attach the contract, clause version, covered system boundary, flowdown register, and required assessment/reporting evidence.",Contract clause obligation and covered system evidence,Contract applicability review; document review; interview; technical evidence; incident and assessment record review,"Contractual obligation status with applicability, evidence, reporting, and remediation state",Contract and flowdown register; covered system boundary; SSP; incident records; NIST assessment; CMMC applicability evidence,DFARS status is contract-specific; this app does not determine legal applicability or create a DoD assessment result,Rows are foundational clause obligations and require contract-specific applicability review,"DFARS 252.204-7012, 252.204-7019, 252.204-7020, and 252.204-7021",Determine whether the Preserve incident evidence obligation is applicable to the contract and is implemented with current contractual and technical evidence.,"Apply only when the contract, solicitation, subcontract, or flowdown invokes the applicable DFARS clause; record clause text, contract scope, and covered information system boundary.","The applicable clause obligation is mapped to an accountable owner, current evidence, required reporting or assessment records, and documented exceptions.","The obligation is recognized and partly implemented, but clause applicability, flowdown, evidence, reporting, or remediation is incomplete.","The obligation is applicable but cannot be demonstrated, required reporting or preservation is not operational, or the covered boundary is undefined.",,,,
dfars-cyber-clauses,DFARS Cybersecurity Clauses,dfars.7019.assessment,Maintain NIST assessment status,7019,Obligation,Maintain the current NIST SP 800-171 DoD Assessment result and the contractual assessment evidence required for the covered system.,DFARS 252.204-7019,,assessment_result; system_security_plan; score_record,document,Document review,"Use the check detail page to review evidence, record the assessment, and document any exception.",category.7019,7019,provisional,contextual,medium,"DFARS cyber clauses establish contract-specific obligations for covered information, reporting, assessment, and CMMC applicability.",approved_for_rollup,Clause applicability and flowdown are contract-specific legal determinations; rows do not establish compliance or a DoD assessment score.,"Attach the contract, clause version, covered system boundary, flowdown register, and required assessment/reporting evidence.",Contract clause obligation and covered system evidence,Contract applicability review; document review; interview; technical evidence; incident and assessment record review,"Contractual obligation status with applicability, evidence, reporting, and remediation state",Contract and flowdown register; covered system boundary; SSP; incident records; NIST assessment; CMMC applicability evidence,DFARS status is contract-specific; this app does not determine legal applicability or create a DoD assessment result,Rows are foundational clause obligations and require contract-specific applicability review,"DFARS 252.204-7012, 252.204-7019, 252.204-7020, and 252.204-7021",Determine whether the Maintain NIST assessment status obligation is applicable to the contract and is implemented with current contractual and technical evidence.,"Apply only when the contract, solicitation, subcontract, or flowdown invokes the applicable DFARS clause; record clause text, contract scope, and covered information system boundary.","The applicable clause obligation is mapped to an accountable owner, current evidence, required reporting or assessment records, and documented exceptions.","The obligation is recognized and partly implemented, but clause applicability, flowdown, evidence, reporting, or remediation is incomplete.","The obligation is applicable but cannot be demonstrated, required reporting or preservation is not operational, or the covered boundary is undefined.",,,,
dfars-cyber-clauses,DFARS Cybersecurity Clauses,dfars.7020.access,Support DoD assessment access,7020,Obligation,"Maintain the system, records, and personnel access needed to support a DoD assessment when the clause applies.",DFARS 252.204-7020,,assessment_plan; access_record; system_security_plan,hybrid,Document + Splunk tracking,"Use the check detail page to review evidence, record the assessment, and document any exception.",category.7020,7020,provisional,contextual,medium,"DFARS cyber clauses establish contract-specific obligations for covered information, reporting, assessment, and CMMC applicability.",approved_for_rollup,Clause applicability and flowdown are contract-specific legal determinations; rows do not establish compliance or a DoD assessment score.,"Attach the contract, clause version, covered system boundary, flowdown register, and required assessment/reporting evidence.",Contract clause obligation and covered system evidence,Contract applicability review; document review; interview; technical evidence; incident and assessment record review,"Contractual obligation status with applicability, evidence, reporting, and remediation state",Contract and flowdown register; covered system boundary; SSP; incident records; NIST assessment; CMMC applicability evidence,DFARS status is contract-specific; this app does not determine legal applicability or create a DoD assessment result,Rows are foundational clause obligations and require contract-specific applicability review,"DFARS 252.204-7012, 252.204-7019, 252.204-7020, and 252.204-7021",Determine whether the Support DoD assessment access obligation is applicable to the contract and is implemented with current contractual and technical evidence.,"Apply only when the contract, solicitation, subcontract, or flowdown invokes the applicable DFARS clause; record clause text, contract scope, and covered information system boundary.","The applicable clause obligation is mapped to an accountable owner, current evidence, required reporting or assessment records, and documented exceptions.","The obligation is recognized and partly implemented, but clause applicability, flowdown, evidence, reporting, or remediation is incomplete.","The obligation is applicable but cannot be demonstrated, required reporting or preservation is not operational, or the covered boundary is undefined.",,,,
dfars-cyber-clauses,DFARS Cybersecurity Clauses,dfars.7020.flowdown,Flow down applicable requirements,Supply chain,Obligation,Identify subcontractors and suppliers that receive covered information and document applicable clause flowdown and evidence responsibilities.,DFARS 252.204-7012 and 252.204-7020 flowdown provisions,,subcontract_register; flowdown_clause; supplier_attestation,document,Document review,"Use the check detail page to review evidence, record the assessment, and document any exception.",category.supply-chain,Supply chain,provisional,contextual,medium,"DFARS cyber clauses establish contract-specific obligations for covered information, reporting, assessment, and CMMC applicability.",approved_for_rollup,Clause applicability and flowdown are contract-specific legal determinations; rows do not establish compliance or a DoD assessment score.,"Attach the contract, clause version, covered system boundary, flowdown register, and required assessment/reporting evidence.",Contract clause obligation and covered system evidence,Contract applicability review; document review; interview; technical evidence; incident and assessment record review,"Contractual obligation status with applicability, evidence, reporting, and remediation state",Contract and flowdown register; covered system boundary; SSP; incident records; NIST assessment; CMMC applicability evidence,DFARS status is contract-specific; this app does not determine legal applicability or create a DoD assessment result,Rows are foundational clause obligations and require contract-specific applicability review,"DFARS 252.204-7012, 252.204-7019, 252.204-7020, and 252.204-7021",Determine whether the Flow down applicable requirements obligation is applicable to the contract and is implemented with current contractual and technical evidence.,"Apply only when the contract, solicitation, subcontract, or flowdown invokes the applicable DFARS clause; record clause text, contract scope, and covered information system boundary.","The applicable clause obligation is mapped to an accountable owner, current evidence, required reporting or assessment records, and documented exceptions.","The obligation is recognized and partly implemented, but clause applicability, flowdown, evidence, reporting, or remediation is incomplete.","The obligation is applicable but cannot be demonstrated, required reporting or preservation is not operational, or the covered boundary is undefined.",,,,
dfars-cyber-clauses,DFARS Cybersecurity Clauses,dfars.7021.cmmc,Determine CMMC applicability,7021,Obligation,"Determine whether the contract requires CMMC and retain the applicable level, scope, affirmation, and assessment evidence.",DFARS 252.204-7021 and DFARS 204.7504,,contract_review; cmmc_scope; assessment_result,hybrid,Document + Splunk tracking,"Use the check detail page to review evidence, record the assessment, and document any exception.",category.7021,7021,provisional,contextual,medium,"DFARS cyber clauses establish contract-specific obligations for covered information, reporting, assessment, and CMMC applicability.",approved_for_rollup,Clause applicability and flowdown are contract-specific legal determinations; rows do not establish compliance or a DoD assessment score.,"Attach the contract, clause version, covered system boundary, flowdown register, and required assessment/reporting evidence.",Contract clause obligation and covered system evidence,Contract applicability review; document review; interview; technical evidence; incident and assessment record review,"Contractual obligation status with applicability, evidence, reporting, and remediation state",Contract and flowdown register; covered system boundary; SSP; incident records; NIST assessment; CMMC applicability evidence,DFARS status is contract-specific; this app does not determine legal applicability or create a DoD assessment result,Rows are foundational clause obligations and require contract-specific applicability review,"DFARS 252.204-7012, 252.204-7019, 252.204-7020, and 252.204-7021",Determine whether the Determine CMMC applicability obligation is applicable to the contract and is implemented with current contractual and technical evidence.,"Apply only when the contract, solicitation, subcontract, or flowdown invokes the applicable DFARS clause; record clause text, contract scope, and covered information system boundary.","The applicable clause obligation is mapped to an accountable owner, current evidence, required reporting or assessment records, and documented exceptions.","The obligation is recognized and partly implemented, but clause applicability, flowdown, evidence, reporting, or remediation is incomplete.","The obligation is applicable but cannot be demonstrated, required reporting or preservation is not operational, or the covered boundary is undefined.",,,,
fisma-rmf,FISMA / NIST RMF,fisma.categorize,Categorize the information system,RMF,Obligation,"Document the system, information types, impact levels, and authorization boundary.",FIPS 199 and NIST SP 800-60 / RMF Prepare-Categorize,,system_security_plan; security_categorization; authorization_boundary,document,Document review,"Use the check detail page to review evidence, record the assessment, and document any exception.",category.rmf,RMF,provisional,contextual,medium,"FISMA and the NIST RMF define federal risk-management activities that organize control selection, assessment, authorization, and monitoring.",approved_for_rollup,"FISMA/RMF is an overlay and process model, not a replacement for the selected NIST control catalog or agency policy.","Bind each system to agency policy, FIPS 199 categorization, selected SP 800-53 baseline, and current authorization evidence.","RMF task, control implementation, assessment result, and authorization decision","NIST RMF Prepare, Categorize, Select, Implement, Assess, Authorize, and Monitor activities",Agency-defined risk and authorization decision; no universal Splunk pass score,System security plan; categorization; baseline/tailoring; assessment results; authorization decision; POA&M; monitoring plan,FISMA/RMF rows support readiness and evidence management; agency officials and authorizing officials determine status,"Rows are foundational RMF obligations and must be bound to agency policy, system boundary, and selected controls",NIST SP 800-37 Rev. 2 and SP 800-53A assessment procedures,"Determine whether the Categorize the information system RMF/FISMA activity is defined, performed, and supported for the assessed federal information system.","Apply to the federal information system and organizational risk context in scope; document system categorization, authorization boundary, and agency-specific policy.","The applicable RMF activity is approved or operating, current evidence is attributable to the system, and open risks are owned and tracked.","The activity is documented or partly operating, but approval, evidence freshness, system boundary, or risk tracking is incomplete.","The activity is absent, materially overdue, or cannot be demonstrated for the defined system boundary.",,,,
fisma-rmf,FISMA / NIST RMF,fisma.select,Select and tailor controls,RMF,Obligation,"Select, tailor, and document the applicable controls and enhancements for the system baseline.",NIST SP 800-53B and RMF Select,,control_baseline; tailoring_record; organization_defined_parameters,document,Document review,"Use the check detail page to review evidence, record the assessment, and document any exception.",category.rmf,RMF,provisional,contextual,medium,"FISMA and the NIST RMF define federal risk-management activities that organize control selection, assessment, authorization, and monitoring.",approved_for_rollup,"FISMA/RMF is an overlay and process model, not a replacement for the selected NIST control catalog or agency policy.","Bind each system to agency policy, FIPS 199 categorization, selected SP 800-53 baseline, and current authorization evidence.","RMF task, control implementation, assessment result, and authorization decision","NIST RMF Prepare, Categorize, Select, Implement, Assess, Authorize, and Monitor activities",Agency-defined risk and authorization decision; no universal Splunk pass score,System security plan; categorization; baseline/tailoring; assessment results; authorization decision; POA&M; monitoring plan,FISMA/RMF rows support readiness and evidence management; agency officials and authorizing officials determine status,"Rows are foundational RMF obligations and must be bound to agency policy, system boundary, and selected controls",NIST SP 800-37 Rev. 2 and SP 800-53A assessment procedures,"Determine whether the Select and tailor controls RMF/FISMA activity is defined, performed, and supported for the assessed federal information system.","Apply to the federal information system and organizational risk context in scope; document system categorization, authorization boundary, and agency-specific policy.","The applicable RMF activity is approved or operating, current evidence is attributable to the system, and open risks are owned and tracked.","The activity is documented or partly operating, but approval, evidence freshness, system boundary, or risk tracking is incomplete.","The activity is absent, materially overdue, or cannot be demonstrated for the defined system boundary.",,,,
fisma-rmf,FISMA / NIST RMF,fisma.implement,Implement controls,RMF,Obligation,Implement and document the controls within the approved system boundary.,NIST SP 800-53 and RMF Implement,,control_implementation; configuration_state; operating_procedure,hybrid,Document + Splunk tracking,"Use the check detail page to review evidence, record the assessment, and document any exception.",category.rmf,RMF,provisional,contextual,medium,"FISMA and the NIST RMF define federal risk-management activities that organize control selection, assessment, authorization, and monitoring.",approved_for_rollup,"FISMA/RMF is an overlay and process model, not a replacement for the selected NIST control catalog or agency policy.","Bind each system to agency policy, FIPS 199 categorization, selected SP 800-53 baseline, and current authorization evidence.","RMF task, control implementation, assessment result, and authorization decision","NIST RMF Prepare, Categorize, Select, Implement, Assess, Authorize, and Monitor activities",Agency-defined risk and authorization decision; no universal Splunk pass score,System security plan; categorization; baseline/tailoring; assessment results; authorization decision; POA&M; monitoring plan,FISMA/RMF rows support readiness and evidence management; agency officials and authorizing officials determine status,"Rows are foundational RMF obligations and must be bound to agency policy, system boundary, and selected controls",NIST SP 800-37 Rev. 2 and SP 800-53A assessment procedures,"Determine whether the Implement controls RMF/FISMA activity is defined, performed, and supported for the assessed federal information system.","Apply to the federal information system and organizational risk context in scope; document system categorization, authorization boundary, and agency-specific policy.","The applicable RMF activity is approved or operating, current evidence is attributable to the system, and open risks are owned and tracked.","The activity is documented or partly operating, but approval, evidence freshness, system boundary, or risk tracking is incomplete.","The activity is absent, materially overdue, or cannot be demonstrated for the defined system boundary.",,,,
fisma-rmf,FISMA / NIST RMF,fisma.assess,Assess control effectiveness,RMF,Obligation,Assess controls using defined procedures and retain the assessment results and evidence.,NIST SP 800-53A and RMF Assess,,assessment_plan; assessment_results; test_record,hybrid,Document + Splunk tracking,"Use the check detail page to review evidence, record the assessment, and document any exception.",category.rmf,RMF,provisional,contextual,medium,"FISMA and the NIST RMF define federal risk-management activities that organize control selection, assessment, authorization, and monitoring.",approved_for_rollup,"FISMA/RMF is an overlay and process model, not a replacement for the selected NIST control catalog or agency policy.","Bind each system to agency policy, FIPS 199 categorization, selected SP 800-53 baseline, and current authorization evidence.","RMF task, control implementation, assessment result, and authorization decision","NIST RMF Prepare, Categorize, Select, Implement, Assess, Authorize, and Monitor activities",Agency-defined risk and authorization decision; no universal Splunk pass score,System security plan; categorization; baseline/tailoring; assessment results; authorization decision; POA&M; monitoring plan,FISMA/RMF rows support readiness and evidence management; agency officials and authorizing officials determine status,"Rows are foundational RMF obligations and must be bound to agency policy, system boundary, and selected controls",NIST SP 800-37 Rev. 2 and SP 800-53A assessment procedures,"Determine whether the Assess control effectiveness RMF/FISMA activity is defined, performed, and supported for the assessed federal information system.","Apply to the federal information system and organizational risk context in scope; document system categorization, authorization boundary, and agency-specific policy.","The applicable RMF activity is approved or operating, current evidence is attributable to the system, and open risks are owned and tracked.","The activity is documented or partly operating, but approval, evidence freshness, system boundary, or risk tracking is incomplete.","The activity is absent, materially overdue, or cannot be demonstrated for the defined system boundary.",,,,
fisma-rmf,FISMA / NIST RMF,fisma.authorize,Authorize the system,RMF,Obligation,Maintain a current authorization decision based on documented risk and assessment results.,NIST SP 800-37 Rev. 2 and RMF Authorize,,authorization_decision; risk_acceptance; poam,document,Document review,"Use the check detail page to review evidence, record the assessment, and document any exception.",category.rmf,RMF,provisional,contextual,medium,"FISMA and the NIST RMF define federal risk-management activities that organize control selection, assessment, authorization, and monitoring.",approved_for_rollup,"FISMA/RMF is an overlay and process model, not a replacement for the selected NIST control catalog or agency policy.","Bind each system to agency policy, FIPS 199 categorization, selected SP 800-53 baseline, and current authorization evidence.","RMF task, control implementation, assessment result, and authorization decision","NIST RMF Prepare, Categorize, Select, Implement, Assess, Authorize, and Monitor activities",Agency-defined risk and authorization decision; no universal Splunk pass score,System security plan; categorization; baseline/tailoring; assessment results; authorization decision; POA&M; monitoring plan,FISMA/RMF rows support readiness and evidence management; agency officials and authorizing officials determine status,"Rows are foundational RMF obligations and must be bound to agency policy, system boundary, and selected controls",NIST SP 800-37 Rev. 2 and SP 800-53A assessment procedures,"Determine whether the Authorize the system RMF/FISMA activity is defined, performed, and supported for the assessed federal information system.","Apply to the federal information system and organizational risk context in scope; document system categorization, authorization boundary, and agency-specific policy.","The applicable RMF activity is approved or operating, current evidence is attributable to the system, and open risks are owned and tracked.","The activity is documented or partly operating, but approval, evidence freshness, system boundary, or risk tracking is incomplete.","The activity is absent, materially overdue, or cannot be demonstrated for the defined system boundary.",,,,
fisma-rmf,FISMA / NIST RMF,fisma.monitor,Continuous monitoring,RMF,Obligation,"Monitor control effectiveness, changes, vulnerabilities, incidents, and risk on an established cadence.",NIST SP 800-37 Rev. 2 and RMF Monitor,,monitoring_plan; technical_measurement; change_record; vulnerability_report,technical,Splunk tracking,"Use the check detail page to review evidence, record the assessment, and document any exception.",category.rmf,RMF,provisional,contextual,medium,"FISMA and the NIST RMF define federal risk-management activities that organize control selection, assessment, authorization, and monitoring.",approved_for_rollup,"FISMA/RMF is an overlay and process model, not a replacement for the selected NIST control catalog or agency policy.","Bind each system to agency policy, FIPS 199 categorization, selected SP 800-53 baseline, and current authorization evidence.","RMF task, control implementation, assessment result, and authorization decision","NIST RMF Prepare, Categorize, Select, Implement, Assess, Authorize, and Monitor activities",Agency-defined risk and authorization decision; no universal Splunk pass score,System security plan; categorization; baseline/tailoring; assessment results; authorization decision; POA&M; monitoring plan,FISMA/RMF rows support readiness and evidence management; agency officials and authorizing officials determine status,"Rows are foundational RMF obligations and must be bound to agency policy, system boundary, and selected controls",NIST SP 800-37 Rev. 2 and SP 800-53A assessment procedures,"Determine whether the Continuous monitoring RMF/FISMA activity is defined, performed, and supported for the assessed federal information system.","Apply to the federal information system and organizational risk context in scope; document system categorization, authorization boundary, and agency-specific policy.","The applicable RMF activity is approved or operating, current evidence is attributable to the system, and open risks are owned and tracked.","The activity is documented or partly operating, but approval, evidence freshness, system boundary, or risk tracking is incomplete.","The activity is absent, materially overdue, or cannot be demonstrated for the defined system boundary.",,,,
fisma-rmf,FISMA / NIST RMF,fisma.poam,Track remediation and risk,Governance,Obligation,"Track weaknesses, corrective actions, milestones, owners, and residual risk through closure or acceptance.",FISMA continuous monitoring and agency POA&M policy,,poam; finding_record; risk_acceptance,hybrid,Document + Splunk tracking,"Use the check detail page to review evidence, record the assessment, and document any exception.",category.governance,Governance,provisional,contextual,medium,"FISMA and the NIST RMF define federal risk-management activities that organize control selection, assessment, authorization, and monitoring.",approved_for_rollup,"FISMA/RMF is an overlay and process model, not a replacement for the selected NIST control catalog or agency policy.","Bind each system to agency policy, FIPS 199 categorization, selected SP 800-53 baseline, and current authorization evidence.","RMF task, control implementation, assessment result, and authorization decision","NIST RMF Prepare, Categorize, Select, Implement, Assess, Authorize, and Monitor activities",Agency-defined risk and authorization decision; no universal Splunk pass score,System security plan; categorization; baseline/tailoring; assessment results; authorization decision; POA&M; monitoring plan,FISMA/RMF rows support readiness and evidence management; agency officials and authorizing officials determine status,"Rows are foundational RMF obligations and must be bound to agency policy, system boundary, and selected controls",NIST SP 800-37 Rev. 2 and SP 800-53A assessment procedures,"Determine whether the Track remediation and risk RMF/FISMA activity is defined, performed, and supported for the assessed federal information system.","Apply to the federal information system and organizational risk context in scope; document system categorization, authorization boundary, and agency-specific policy.","The applicable RMF activity is approved or operating, current evidence is attributable to the system, and open risks are owned and tracked.","The activity is documented or partly operating, but approval, evidence freshness, system boundary, or risk tracking is incomplete.","The activity is absent, materially overdue, or cannot be demonstrated for the defined system boundary.",,,,
fisma-rmf,FISMA / NIST RMF,fisma.report,Report security status,Governance,Obligation,Provide current security status and incident or risk reporting required by agency policy and FISMA oversight.,FISMA and applicable agency reporting policy,,reporting_package; incident_record; management_review,hybrid,Document + Splunk tracking,"Use the check detail page to review evidence, record the assessment, and document any exception.",category.governance,Governance,provisional,contextual,medium,"FISMA and the NIST RMF define federal risk-management activities that organize control selection, assessment, authorization, and monitoring.",approved_for_rollup,"FISMA/RMF is an overlay and process model, not a replacement for the selected NIST control catalog or agency policy.","Bind each system to agency policy, FIPS 199 categorization, selected SP 800-53 baseline, and current authorization evidence.","RMF task, control implementation, assessment result, and authorization decision","NIST RMF Prepare, Categorize, Select, Implement, Assess, Authorize, and Monitor activities",Agency-defined risk and authorization decision; no universal Splunk pass score,System security plan; categorization; baseline/tailoring; assessment results; authorization decision; POA&M; monitoring plan,FISMA/RMF rows support readiness and evidence management; agency officials and authorizing officials determine status,"Rows are foundational RMF obligations and must be bound to agency policy, system boundary, and selected controls",NIST SP 800-37 Rev. 2 and SP 800-53A assessment procedures,"Determine whether the Report security status RMF/FISMA activity is defined, performed, and supported for the assessed federal information system.","Apply to the federal information system and organizational risk context in scope; document system categorization, authorization boundary, and agency-specific policy.","The applicable RMF activity is approved or operating, current evidence is attributable to the system, and open risks are owned and tracked.","The activity is documented or partly operating, but approval, evidence freshness, system boundary, or risk tracking is incomplete.","The activity is absent, materially overdue, or cannot be demonstrated for the defined system boundary.",,,,
iso-27001-2022,ISO/IEC 27001,iso27001.a5,Organizational Controls,Organizational Controls,Control,"Governance, policies, roles, asset responsibilities, supplier relationships, incident management, and continuity controls.",ISO/IEC 27001:2022 Annex A: A.5,,is_policy; risk_register; supplier_review; incident_plan,document,Document review,"Review the ISMS scope, approved policies, assigned responsibilities, risk treatment, supplier decisions, and evidence the processes operate.",category.organizational-controls,Organizational Controls,provisional,contextual,medium,Annex A control themes can be grouped into shared capability areas for ISMS navigation and evidence reuse.,approved_for_rollup,"Annex A is a reference set, not a substitute for ISO 27001 clauses, risk treatment, or the Statement of Applicability. The current four rows are group summaries.","Add clauses, all applicable Annex A controls, SoA inclusion/exclusion rationale, and implementation status.",ISMS Clause and Annex A Control,"ISMS audit evidence, interviews, observation, sampling, and risk-treatment review",Conformity findings and corrective actions; certification decision belongs to the certification body,ISMS scope; risk assessment; risk treatment plan; Statement of Applicability; policies; operating records; internal audit; management review,Annex A theme rows are roll-up navigation and do not establish ISO conformity or certification,Assessment-level approval requires clause/control identifiers and SoA applicability context,"ISO/IEC 27001:2022 clauses, Annex A, and Statement of Applicability",Determine whether the Organizational Controls area is implemented within the approved ISMS scope and risk treatment decisions.,"Apply to the approved ISMS scope, risk treatment plan, Statement of Applicability, and applicable Annex A controls.","The applicable clause or control is conforming, operating evidence is current, and SoA and risk-treatment decisions are consistent.","The control is designed or partly operating, but evidence, effectiveness, SoA, or corrective-action records are incomplete.","The applicable requirement is not implemented, not operating, or cannot be supported by objective audit evidence.",,,,
iso-27001-2022,ISO/IEC 27001,iso27001.a6,People Controls,People Controls,Control,"Screening, terms, awareness, disciplinary, remote work, and event reporting controls for personnel.",ISO/IEC 27001:2022 Annex A: A.6,,personnel_policy; training_records; screening_record; remote_work_standard,document,Document review,"Review approved personnel procedures and representative onboarding, training, remote work, and event reporting records.",category.people-controls,People Controls,provisional,contextual,medium,Annex A control themes can be grouped into shared capability areas for ISMS navigation and evidence reuse.,approved_for_rollup,"Annex A is a reference set, not a substitute for ISO 27001 clauses, risk treatment, or the Statement of Applicability. The current four rows are group summaries.","Add clauses, all applicable Annex A controls, SoA inclusion/exclusion rationale, and implementation status.",ISMS Clause and Annex A Control,"ISMS audit evidence, interviews, observation, sampling, and risk-treatment review",Conformity findings and corrective actions; certification decision belongs to the certification body,ISMS scope; risk assessment; risk treatment plan; Statement of Applicability; policies; operating records; internal audit; management review,Annex A theme rows are roll-up navigation and do not establish ISO conformity or certification,Assessment-level approval requires clause/control identifiers and SoA applicability context,"ISO/IEC 27001:2022 clauses, Annex A, and Statement of Applicability",Determine whether the People Controls area is implemented within the approved ISMS scope and risk treatment decisions.,"Apply to the approved ISMS scope, risk treatment plan, Statement of Applicability, and applicable Annex A controls.","The applicable clause or control is conforming, operating evidence is current, and SoA and risk-treatment decisions are consistent.","The control is designed or partly operating, but evidence, effectiveness, SoA, or corrective-action records are incomplete.","The applicable requirement is not implemented, not operating, or cannot be supported by objective audit evidence.",,,,
iso-27001-2022,ISO/IEC 27001,iso27001.a7,Physical Controls,Physical Controls,Control,"Physical entry, monitoring, environmental protection, equipment security, media, and clear desk controls.",ISO/IEC 27001:2022 Annex A: A.7,,physical_security_policy; access_log; facility_test; media_disposal_record,document,Document review,"Review physical security policy, access and visitor records, facility tests, equipment protection, and media disposal evidence.",category.physical-controls,Physical Controls,provisional,contextual,medium,Annex A control themes can be grouped into shared capability areas for ISMS navigation and evidence reuse.,approved_for_rollup,"Annex A is a reference set, not a substitute for ISO 27001 clauses, risk treatment, or the Statement of Applicability. The current four rows are group summaries.","Add clauses, all applicable Annex A controls, SoA inclusion/exclusion rationale, and implementation status.",ISMS Clause and Annex A Control,"ISMS audit evidence, interviews, observation, sampling, and risk-treatment review",Conformity findings and corrective actions; certification decision belongs to the certification body,ISMS scope; risk assessment; risk treatment plan; Statement of Applicability; policies; operating records; internal audit; management review,Annex A theme rows are roll-up navigation and do not establish ISO conformity or certification,Assessment-level approval requires clause/control identifiers and SoA applicability context,"ISO/IEC 27001:2022 clauses, Annex A, and Statement of Applicability",Determine whether the Physical Controls area is implemented within the approved ISMS scope and risk treatment decisions.,"Apply to the approved ISMS scope, risk treatment plan, Statement of Applicability, and applicable Annex A controls.","The applicable clause or control is conforming, operating evidence is current, and SoA and risk-treatment decisions are consistent.","The control is designed or partly operating, but evidence, effectiveness, SoA, or corrective-action records are incomplete.","The applicable requirement is not implemented, not operating, or cannot be supported by objective audit evidence.",,,,
iso-27001-2022,ISO/IEC 27001,iso27001.a8,Technological Controls,Technological Controls,Control,"Endpoint, access, authentication, vulnerability, configuration, logging, monitoring, backup, and secure development controls.",ISO/IEC 27001:2022 Annex A: A.8,,configuration_scan; vulnerability_report; log_source_inventory; backup_test,technical,Splunk tracking,"Use Splunk tracking and technical evidence to show current coverage, exceptions, detection, vulnerability, backup, and change status.",category.technological-controls,Technological Controls,provisional,contextual,medium,Annex A control themes can be grouped into shared capability areas for ISMS navigation and evidence reuse.,approved_for_rollup,"Annex A is a reference set, not a substitute for ISO 27001 clauses, risk treatment, or the Statement of Applicability. The current four rows are group summaries.","Add clauses, all applicable Annex A controls, SoA inclusion/exclusion rationale, and implementation status.",ISMS Clause and Annex A Control,"ISMS audit evidence, interviews, observation, sampling, and risk-treatment review",Conformity findings and corrective actions; certification decision belongs to the certification body,ISMS scope; risk assessment; risk treatment plan; Statement of Applicability; policies; operating records; internal audit; management review,Annex A theme rows are roll-up navigation and do not establish ISO conformity or certification,Assessment-level approval requires clause/control identifiers and SoA applicability context,"ISO/IEC 27001:2022 clauses, Annex A, and Statement of Applicability",Determine whether the Technological Controls area is implemented within the approved ISMS scope and risk treatment decisions.,"Apply to the approved ISMS scope, risk treatment plan, Statement of Applicability, and applicable Annex A controls.","The applicable clause or control is conforming, operating evidence is current, and SoA and risk-treatment decisions are consistent.","The control is designed or partly operating, but evidence, effectiveness, SoA, or corrective-action records are incomplete.","The applicable requirement is not implemented, not operating, or cannot be supported by objective audit evidence.",,,,
omb-m-26-14,OMB M-26-14,m26-14.inventory-visibility,Inventory visibility,inventory,Measurement,"Measure the percentage of IT, OT, and IoT assets associated with the system that are represented in a centralized inventory.",M-26-14 Appendix C: Inventory Visibility,asset_inventory_coverage,asset_inventory; cmdb_export; hwam_export; swam_export,technical,Splunk tracking,"Use an inventory coverage dashboard or saved search to show the in-scope denominator, covered assets, stale records, and exceptions.",category.inventory,inventory,provisional,rollup,medium,"The memo and appendices establish risk-based logging, inventory visibility, collection, retention, operations, CEM, and THIRF capability areas.",approved_for_rollup,"The current rows summarize memo outcomes and maturity concepts; agency implementation must bind to the applicable Logging Reference Architecture, Agency Logging Plan, and source paragraphs.","Add paragraph-level citations, LRA version, agency plan fields, and maturity calculation evidence.","Memo paragraph, Appendix baseline, and maturity benchmark","Agency Logging Plan review plus inventory, collection, retention, and maturity measurements",Percentage of in-scope systems/assets meeting maturity benchmarks; reportable agency context required,Agency Logging Plan; LRA alignment; system inventory denominator; collection evidence; retention/restore evidence; maturity report,"A Splunk measurement is evidence toward agency reporting and does not replace agency plan, legal, or oversight obligations",Memo outcome rows are roll-up navigation until paragraph-level and maturity measurement content is loaded,M-26-14 Appendix C: Inventory Visibility maturity benchmark,"Determine the percentage of in-scope IT, OT, and IoT assets represented in the centralized inventory.",Apply to assets associated with the assessed system and document excluded asset classes or inventory sources.,"The measured coverage meets or exceeds the selected maturity target, the denominator is documented, and exceptions have owners.","Coverage is measurable but below target, the denominator is incomplete, or exceptions lack current ownership.","No defensible denominator or current inventory evidence exists, or coverage is materially absent.",70,80,90,95
omb-m-26-14,OMB M-26-14,m26-14.collection-coverage,Collection coverage,collection,Measurement,Measure the percentage of inventoried hardware and software assets with required logs searchable and retrievable.,M-26-14 Appendix C: Collection Coverage,log_collection_coverage,source_inventory; data_model_health; searchability_check,technical,Splunk tracking,"Use Splunk tracking to show source freshness, CIM or data model coverage, searchable events, and uncovered assets.",category.collection,collection,provisional,rollup,medium,"The memo and appendices establish risk-based logging, inventory visibility, collection, retention, operations, CEM, and THIRF capability areas.",approved_for_rollup,"The current rows summarize memo outcomes and maturity concepts; agency implementation must bind to the applicable Logging Reference Architecture, Agency Logging Plan, and source paragraphs.","Add paragraph-level citations, LRA version, agency plan fields, and maturity calculation evidence.","Memo paragraph, Appendix baseline, and maturity benchmark","Agency Logging Plan review plus inventory, collection, retention, and maturity measurements",Percentage of in-scope systems/assets meeting maturity benchmarks; reportable agency context required,Agency Logging Plan; LRA alignment; system inventory denominator; collection evidence; retention/restore evidence; maturity report,"A Splunk measurement is evidence toward agency reporting and does not replace agency plan, legal, or oversight obligations",Memo outcome rows are roll-up navigation until paragraph-level and maturity measurement content is loaded,M-26-14 Appendix C: Collection Coverage maturity benchmark,Determine the percentage of inventoried hardware and software assets with required logs searchable and retrievable.,"Apply to every in-scope inventoried asset and identify approved exceptions, collection gaps, and stale telemetry.","Coverage meets the selected maturity target and evidence shows current source freshness, searchability, and documented exceptions.","Some sources are searchable and measurable, but coverage or freshness is below target.",Collection coverage cannot be measured or required sources are not searchable and retrievable.,50,80,90,95
omb-m-26-14,OMB M-26-14,m26-14.collection-operations,Collection operations,operations,Measurement,Measure actionable alert coverage against the minimum baseline logging requirements and document detection tuning.,M-26-14 Appendix C: Collection Operations,baseline_alert_coverage,detection_inventory; alert_history; tuning_review,technical,Splunk tracking,"Use a detection coverage dashboard or saved search to show baseline objectives, tested alerts, owners, and tuning exceptions.",category.operations,operations,provisional,rollup,medium,"The memo and appendices establish risk-based logging, inventory visibility, collection, retention, operations, CEM, and THIRF capability areas.",approved_for_rollup,"The current rows summarize memo outcomes and maturity concepts; agency implementation must bind to the applicable Logging Reference Architecture, Agency Logging Plan, and source paragraphs.","Add paragraph-level citations, LRA version, agency plan fields, and maturity calculation evidence.","Memo paragraph, Appendix baseline, and maturity benchmark","Agency Logging Plan review plus inventory, collection, retention, and maturity measurements",Percentage of in-scope systems/assets meeting maturity benchmarks; reportable agency context required,Agency Logging Plan; LRA alignment; system inventory denominator; collection evidence; retention/restore evidence; maturity report,"A Splunk measurement is evidence toward agency reporting and does not replace agency plan, legal, or oversight obligations",Memo outcome rows are roll-up navigation until paragraph-level and maturity measurement content is loaded,M-26-14 Appendix C: Collection Operations maturity benchmark,Determine whether required logging supports actionable alert coverage and documented detection tuning.,"Apply to the logging and detection objectives selected for the assessed system, mission, and threat environment.","Alert coverage meets the selected maturity target, tests are current, and tuning exceptions have owners and review dates.","Alerting exists but coverage, test evidence, or tuning governance is below the target.","Required alert objectives are not mapped, tested, or operationally monitored.",less_than_50,50_to_70,70_or_more,95_or_more_with_advanced_techniques
omb-m-26-14,OMB M-26-14,m26-14.data-retention,Data retention,retention,Measurement,"Verify that logs are searchable and retrievable for the applicable maturity target, with retention evidence separated from searchability evidence.",M-26-14 Appendix B and Appendix C: Data Retention,log_retention,index_retention; archive_policy; restore_test,hybrid,Document + Splunk tracking,"Review the retention policy and use technical evidence to prove searchable duration, retrievable duration, and a completed restore test.",category.retention,retention,provisional,rollup,medium,"The memo and appendices establish risk-based logging, inventory visibility, collection, retention, operations, CEM, and THIRF capability areas.",approved_for_rollup,"The current rows summarize memo outcomes and maturity concepts; agency implementation must bind to the applicable Logging Reference Architecture, Agency Logging Plan, and source paragraphs.","Add paragraph-level citations, LRA version, agency plan fields, and maturity calculation evidence.","Memo paragraph, Appendix baseline, and maturity benchmark","Agency Logging Plan review plus inventory, collection, retention, and maturity measurements",Percentage of in-scope systems/assets meeting maturity benchmarks; reportable agency context required,Agency Logging Plan; LRA alignment; system inventory denominator; collection evidence; retention/restore evidence; maturity report,"A Splunk measurement is evidence toward agency reporting and does not replace agency plan, legal, or oversight obligations",Memo outcome rows are roll-up navigation until paragraph-level and maturity measurement content is loaded,M-26-14 Appendix B and Appendix C: Data Retention maturity benchmark,Determine whether logs meet the selected searchable and retrievable retention target and can be restored when required.,Apply to log stores and archives within the assessed system boundary; distinguish searchable retention from retrievable retention.,"The applicable maturity target is met, policy and index evidence agree, and a current restore or retrieval test is retained.","Retention exists but one duration, archive, restore test, or scope element is below target.","Required logs cannot be searched or retrieved for the applicable target, or no defensible retention evidence exists.",6_months_retrievable,12_months_retrievable,3_months_searchable_and_12_months_retrievable,6_months_searchable_and_12_months_retrievable
omb-m-26-14,OMB M-26-14,m26-14.log-management,Log management,management,Measurement,"Assess protection of logs in storage and transit, integrity verification, access controls, workload monitoring, and retirement approvals.",M-26-14 Appendix C: Log Management,log_management_maturity,encryption_configuration; access_review; integrity_check; retirement_record,hybrid,Document + Splunk tracking,"Review the log management policy and technical evidence for protection, integrity, access, monitoring, and retirement controls.",category.management,management,provisional,rollup,medium,"The memo and appendices establish risk-based logging, inventory visibility, collection, retention, operations, CEM, and THIRF capability areas.",approved_for_rollup,"The current rows summarize memo outcomes and maturity concepts; agency implementation must bind to the applicable Logging Reference Architecture, Agency Logging Plan, and source paragraphs.","Add paragraph-level citations, LRA version, agency plan fields, and maturity calculation evidence.","Memo paragraph, Appendix baseline, and maturity benchmark","Agency Logging Plan review plus inventory, collection, retention, and maturity measurements",Percentage of in-scope systems/assets meeting maturity benchmarks; reportable agency context required,Agency Logging Plan; LRA alignment; system inventory denominator; collection evidence; retention/restore evidence; maturity report,"A Splunk measurement is evidence toward agency reporting and does not replace agency plan, legal, or oversight obligations",Memo outcome rows are roll-up navigation until paragraph-level and maturity measurement content is loaded,M-26-14 Appendix C: Log Management maturity benchmark,"Determine whether logs are protected, access-controlled, integrity-checked, monitored, and retired through approved gates.","Apply to log storage, transport, administration, monitoring, and retirement processes in the assessed boundary.","The selected maturity practices are implemented, current evidence covers each applicable area, and exceptions are approved.","Some practices operate, but one or more applicable protection, access, integrity, monitoring, or retirement areas remain incomplete.","Logs lack required protection or governance, or the organization cannot produce current operating evidence.",stored,encrypted_at_rest,encrypted_in_transit_and_at_rest_with_integrity_checks,just_in_time_access_and_two_gate_retirement
omb-m-26-14,OMB M-26-14,m26-14.minimum-baseline,Minimum baseline logging,baseline,Outcome,"Track whether logging supports identity, network addresses and sessions, object events, privilege changes, infrastructure changes, security tooling, indicators, anomalies, affected data, attack vectors, and automated alerts.","M-26-14 Appendix B, paragraphs 5(a)-5(k)",minimum_baseline_coverage,source_mapping; detection_mapping; alert_test,hybrid,Document + Splunk tracking,Review the Agency Logging Plan mapping and technical evidence for each applicable baseline logging objective.,category.baseline,baseline,provisional,rollup,medium,"The memo and appendices establish risk-based logging, inventory visibility, collection, retention, operations, CEM, and THIRF capability areas.",approved_for_rollup,"The current rows summarize memo outcomes and maturity concepts; agency implementation must bind to the applicable Logging Reference Architecture, Agency Logging Plan, and source paragraphs.","Add paragraph-level citations, LRA version, agency plan fields, and maturity calculation evidence.","Memo paragraph, Appendix baseline, and maturity benchmark","Agency Logging Plan review plus inventory, collection, retention, and maturity measurements",Percentage of in-scope systems/assets meeting maturity benchmarks; reportable agency context required,Agency Logging Plan; LRA alignment; system inventory denominator; collection evidence; retention/restore evidence; maturity report,"A Splunk measurement is evidence toward agency reporting and does not replace agency plan, legal, or oversight obligations",Memo outcome rows are roll-up navigation until paragraph-level and maturity measurement content is loaded,"M-26-14 Appendix B, paragraphs 5(a)-5(k)",Determine whether the assessed system supports the applicable minimum baseline logging objectives.,"Apply the baseline objectives relevant to the system, data, mission, and threat environment; document approved exclusions.","Each applicable baseline objective has a source mapping, current evidence, and an owner for exceptions.","Most applicable objectives are supported but one or more mappings, tests, or evidence records are incomplete.",Applicable baseline objectives are not mapped or cannot be demonstrated with current evidence.,,,,
omb-m-26-14,OMB M-26-14,m26-14.cem,Continuous Event Monitoring,cem,Outcome,"Maintain logging and monitoring capabilities that support real-time network activity monitoring, anomaly flagging, and timely response.",M-26-14 Prioritization: Continuous Event Monitoring,,soc_workflow; alert_history; response_record,hybrid,Document + Splunk tracking,"Review the monitoring and response procedures, then inspect current alert, triage, escalation, and response evidence.",category.cem,cem,provisional,rollup,medium,"The memo and appendices establish risk-based logging, inventory visibility, collection, retention, operations, CEM, and THIRF capability areas.",approved_for_rollup,"The current rows summarize memo outcomes and maturity concepts; agency implementation must bind to the applicable Logging Reference Architecture, Agency Logging Plan, and source paragraphs.","Add paragraph-level citations, LRA version, agency plan fields, and maturity calculation evidence.","Memo paragraph, Appendix baseline, and maturity benchmark","Agency Logging Plan review plus inventory, collection, retention, and maturity measurements",Percentage of in-scope systems/assets meeting maturity benchmarks; reportable agency context required,Agency Logging Plan; LRA alignment; system inventory denominator; collection evidence; retention/restore evidence; maturity report,"A Splunk measurement is evidence toward agency reporting and does not replace agency plan, legal, or oversight obligations",Memo outcome rows are roll-up navigation until paragraph-level and maturity measurement content is loaded,M-26-14 prioritization: Continuous Event Monitoring,"Determine whether monitoring supports timely detection, anomaly analysis, and response for the assessed environment.",Apply to monitoring capabilities and response workflows supporting the assessed system and mission.,"Current procedures and operating evidence demonstrate monitoring, analysis, escalation, and timely response.","Monitoring exists but analysis, escalation, response timing, or evidence freshness is inconsistent.",No reliable continuous monitoring or response evidence exists for the assessed environment.,,,,
omb-m-26-14,OMB M-26-14,m26-14.thirf,THIRF capability,thirf,Outcome,"Maintain hot and cold storage and the capability to retrieve and centralize logging data for threat hunting, investigation, response, and forensics.",M-26-14 Prioritization: THIRF,,retention_policy; restore_test; investigation_record; forensic_export,hybrid,Document + Splunk tracking,"Review retention and retrieval procedures, then inspect restore, threat-hunting, investigation, and forensic export evidence.",category.thirf,thirf,provisional,rollup,medium,"The memo and appendices establish risk-based logging, inventory visibility, collection, retention, operations, CEM, and THIRF capability areas.",approved_for_rollup,"The current rows summarize memo outcomes and maturity concepts; agency implementation must bind to the applicable Logging Reference Architecture, Agency Logging Plan, and source paragraphs.","Add paragraph-level citations, LRA version, agency plan fields, and maturity calculation evidence.","Memo paragraph, Appendix baseline, and maturity benchmark","Agency Logging Plan review plus inventory, collection, retention, and maturity measurements",Percentage of in-scope systems/assets meeting maturity benchmarks; reportable agency context required,Agency Logging Plan; LRA alignment; system inventory denominator; collection evidence; retention/restore evidence; maturity report,"A Splunk measurement is evidence toward agency reporting and does not replace agency plan, legal, or oversight obligations",Memo outcome rows are roll-up navigation until paragraph-level and maturity measurement content is loaded,M-26-14 prioritization: THIRF capability,"Determine whether hot and cold log storage can support threat hunting, investigation, response, and forensics.","Apply to the log stores, archives, retrieval paths, and investigation workflows within the assessed boundary.",Required data can be retrieved through tested paths and current evidence demonstrates investigation and forensic support.,"Retrieval works for some stores or use cases, but cold storage, restore testing, or forensic workflow evidence is incomplete.","Required logs cannot be retrieved in a timely, repeatable manner for investigation or forensics.",,,,
nist-csf-2.0,NIST Cybersecurity Framework,csf.govern,Govern,Govern,Outcome,"Establish and monitor cybersecurity risk strategy, expectations, policy, and accountability.",NIST CSF 2.0 Core: Govern,,risk_strategy; policy_register; governance_minutes,document,Document review,"Review the approved cybersecurity strategy, policy register, accountable owners, governance decisions, and review cadence. A policy without operating evidence is not a pass.",category.govern,Govern,provisional,rollup,high,"The NIST CSF 2.0 Core explicitly organizes outcomes under Govern, Identify, Protect, Detect, Respond, and Recover.",approved_for_rollup,"CSF Functions are high-level outcomes, not prescriptive controls or a pass/fail checklist. Organizational Profiles and informative references are needed for an assessment decision.","Add categories and subcategories, current/target profiles, tiers, and informative-reference provenance.",Category and Subcategory,Organizational profile; current/target profile comparison; informative references,Profile outcome status and target gap; CSF does not prescribe a universal pass score,Organizational profile; current and target outcomes; risk context; implementation evidence,CSF outcomes support risk communication and prioritization; a profile result is not certification,Function-level rows are roll-up navigation until Core Category/Subcategory content is loaded,NIST CSF 2.0 Core and Organizational Profiles,Determine the current outcome state for Govern and compare it with the organization’s documented target profile.,"Apply to the organization profile and the systems, mission, and risk context represented by it.",The current profile meets the documented target outcome and supporting evidence is current and attributable.,The outcome is partly implemented or the current profile has a documented gap against the target state.,"The outcome cannot be demonstrated, the profile is not defined, or the gap is unaddressed.",,,,
nist-csf-2.0,NIST Cybersecurity Framework,csf.identify,Identify,Identify,Outcome,"Understand the organization, assets, risks, and dependencies that require cybersecurity management.",NIST CSF 2.0 Core: Identify,,asset_inventory; risk_register; business_context,hybrid,Document + Splunk tracking,"Review the risk and business context documents, then confirm asset and dependency coverage with current inventory evidence.",category.identify,Identify,provisional,rollup,high,"The NIST CSF 2.0 Core explicitly organizes outcomes under Govern, Identify, Protect, Detect, Respond, and Recover.",approved_for_rollup,"CSF Functions are high-level outcomes, not prescriptive controls or a pass/fail checklist. Organizational Profiles and informative references are needed for an assessment decision.","Add categories and subcategories, current/target profiles, tiers, and informative-reference provenance.",Category and Subcategory,Organizational profile; current/target profile comparison; informative references,Profile outcome status and target gap; CSF does not prescribe a universal pass score,Organizational profile; current and target outcomes; risk context; implementation evidence,CSF outcomes support risk communication and prioritization; a profile result is not certification,Function-level rows are roll-up navigation until Core Category/Subcategory content is loaded,NIST CSF 2.0 Core and Organizational Profiles,Determine the current outcome state for Identify and compare it with the organization’s documented target profile.,"Apply to the organization profile and the systems, mission, and risk context represented by it.",The current profile meets the documented target outcome and supporting evidence is current and attributable.,The outcome is partly implemented or the current profile has a documented gap against the target state.,"The outcome cannot be demonstrated, the profile is not defined, or the gap is unaddressed.",,,,
nist-csf-2.0,NIST Cybersecurity Framework,csf.protect,Protect,Protect,Outcome,Use safeguards to manage cybersecurity risks and limit the impact of potential events.,NIST CSF 2.0 Core: Protect,,control_evidence; configuration_state; training_record,hybrid,Document + Splunk tracking,"Use the check detail page to review evidence, record the assessment, and document any exception.",category.protect,Protect,provisional,rollup,high,"The NIST CSF 2.0 Core explicitly organizes outcomes under Govern, Identify, Protect, Detect, Respond, and Recover.",approved_for_rollup,"CSF Functions are high-level outcomes, not prescriptive controls or a pass/fail checklist. Organizational Profiles and informative references are needed for an assessment decision.","Add categories and subcategories, current/target profiles, tiers, and informative-reference provenance.",Category and Subcategory,Organizational profile; current/target profile comparison; informative references,Profile outcome status and target gap; CSF does not prescribe a universal pass score,Organizational profile; current and target outcomes; risk context; implementation evidence,CSF outcomes support risk communication and prioritization; a profile result is not certification,Function-level rows are roll-up navigation until Core Category/Subcategory content is loaded,NIST CSF 2.0 Core and Organizational Profiles,Determine the current outcome state for Protect and compare it with the organization’s documented target profile.,"Apply to the organization profile and the systems, mission, and risk context represented by it.",The current profile meets the documented target outcome and supporting evidence is current and attributable.,The outcome is partly implemented or the current profile has a documented gap against the target state.,"The outcome cannot be demonstrated, the profile is not defined, or the gap is unaddressed.",,,,
nist-csf-2.0,NIST Cybersecurity Framework,csf.detect,Detect,Detect,Outcome,Find and analyze possible cybersecurity attacks and compromises in a timely manner.,NIST CSF 2.0 Core: Detect,,detection_inventory; alert_history; monitoring_review,technical,Splunk tracking,"Use Splunk tracking to show detection coverage, alert history, review activity, and unresolved monitoring gaps.",category.detect,Detect,provisional,rollup,high,"The NIST CSF 2.0 Core explicitly organizes outcomes under Govern, Identify, Protect, Detect, Respond, and Recover.",approved_for_rollup,"CSF Functions are high-level outcomes, not prescriptive controls or a pass/fail checklist. Organizational Profiles and informative references are needed for an assessment decision.","Add categories and subcategories, current/target profiles, tiers, and informative-reference provenance.",Category and Subcategory,Organizational profile; current/target profile comparison; informative references,Profile outcome status and target gap; CSF does not prescribe a universal pass score,Organizational profile; current and target outcomes; risk context; implementation evidence,CSF outcomes support risk communication and prioritization; a profile result is not certification,Function-level rows are roll-up navigation until Core Category/Subcategory content is loaded,NIST CSF 2.0 Core and Organizational Profiles,Determine the current outcome state for Detect and compare it with the organization’s documented target profile.,"Apply to the organization profile and the systems, mission, and risk context represented by it.",The current profile meets the documented target outcome and supporting evidence is current and attributable.,The outcome is partly implemented or the current profile has a documented gap against the target state.,"The outcome cannot be demonstrated, the profile is not defined, or the gap is unaddressed.",,,,
nist-csf-2.0,NIST Cybersecurity Framework,csf.respond,Respond,Respond,Outcome,Take action regarding a detected cybersecurity incident.,NIST CSF 2.0 Core: Respond,,incident_record; response_plan; exercise_record,hybrid,Document + Splunk tracking,"Use the check detail page to review evidence, record the assessment, and document any exception.",category.respond,Respond,provisional,rollup,high,"The NIST CSF 2.0 Core explicitly organizes outcomes under Govern, Identify, Protect, Detect, Respond, and Recover.",approved_for_rollup,"CSF Functions are high-level outcomes, not prescriptive controls or a pass/fail checklist. Organizational Profiles and informative references are needed for an assessment decision.","Add categories and subcategories, current/target profiles, tiers, and informative-reference provenance.",Category and Subcategory,Organizational profile; current/target profile comparison; informative references,Profile outcome status and target gap; CSF does not prescribe a universal pass score,Organizational profile; current and target outcomes; risk context; implementation evidence,CSF outcomes support risk communication and prioritization; a profile result is not certification,Function-level rows are roll-up navigation until Core Category/Subcategory content is loaded,NIST CSF 2.0 Core and Organizational Profiles,Determine the current outcome state for Respond and compare it with the organization’s documented target profile.,"Apply to the organization profile and the systems, mission, and risk context represented by it.",The current profile meets the documented target outcome and supporting evidence is current and attributable.,The outcome is partly implemented or the current profile has a documented gap against the target state.,"The outcome cannot be demonstrated, the profile is not defined, or the gap is unaddressed.",,,,
nist-csf-2.0,NIST Cybersecurity Framework,csf.recover,Recover,Recover,Outcome,Restore assets and operations affected by a cybersecurity incident.,NIST CSF 2.0 Core: Recover,,recovery_plan; restore_test; lessons_learned,hybrid,Document + Splunk tracking,"Use the check detail page to review evidence, record the assessment, and document any exception.",category.recover,Recover,provisional,rollup,high,"The NIST CSF 2.0 Core explicitly organizes outcomes under Govern, Identify, Protect, Detect, Respond, and Recover.",approved_for_rollup,"CSF Functions are high-level outcomes, not prescriptive controls or a pass/fail checklist. Organizational Profiles and informative references are needed for an assessment decision.","Add categories and subcategories, current/target profiles, tiers, and informative-reference provenance.",Category and Subcategory,Organizational profile; current/target profile comparison; informative references,Profile outcome status and target gap; CSF does not prescribe a universal pass score,Organizational profile; current and target outcomes; risk context; implementation evidence,CSF outcomes support risk communication and prioritization; a profile result is not certification,Function-level rows are roll-up navigation until Core Category/Subcategory content is loaded,NIST CSF 2.0 Core and Organizational Profiles,Determine the current outcome state for Recover and compare it with the organization’s documented target profile.,"Apply to the organization profile and the systems, mission, and risk context represented by it.",The current profile meets the documented target outcome and supporting evidence is current and attributable.,The outcome is partly implemented or the current profile has a documented gap against the target state.,"The outcome cannot be demonstrated, the profile is not defined, or the gap is unaddressed.",,,,
nist-sp-800-171r3,NIST SP 800-171 Rev. 3,800171r3.access-control,Access Control,Access Control,Family,"Limit system access, control information flow, and enforce least privilege for CUI environments.","NIST SP 800-171 Rev. 3, Access Control",,access_review; configuration_state; identity_record,hybrid,Document + Splunk tracking,"Use the check detail page to review evidence, record the assessment, and document any exception.",category.access-control,Access Control,provisional,rollup,medium,NIST SP 800-171 Rev. 3 provides requirement families for protecting CUI in nonfederal systems.,approved_for_rollup,Family rows are not requirement-level determinations and must not be silently treated as CMMC or contract compliance.,"Load requirement identifiers, assessment objectives, organization-defined parameters, CUI scope, and applicable contract rules.","Requirement family, requirement, and assessment objective","NIST SP 800-171A assessment objectives using examine, interview, and test evidence",Organization or contract-defined determination model; CUI scope and POA&M rules apply where invoked,System security plan; CUI flow; control evidence; assessment results; plans of action; organization-defined parameters,Family rows are foundational navigation and do not replace requirement-level assessment or CMMC/contract obligations,Rows require requirement-level content and explicit CUI system scope before an assessment conclusion,NIST SP 800-171 Rev. 3 and applicable SP 800-171A assessment procedures,Determine whether the Access Control requirement family is implemented for the defined CUI system and organizational environment using the applicable assessment objectives.,"Apply to nonfederal systems that process, store, or transmit CUI and to the defined assessment scope, SSP, system security plan boundary, and organization-defined parameters.","Applicable Rev. 3 requirements and assessment objectives are satisfied with current examine, interview, or test evidence and documented scope.","Some objectives are satisfied, but evidence, scope, parameters, implementation, or remediation remains incomplete.",Applicable requirements are not implemented or cannot be demonstrated for the defined CUI environment.,,,,
nist-sp-800-171r3,NIST SP 800-171 Rev. 3,800171r3.awareness-training,Awareness and Training,Awareness and Training,Family,Ensure personnel receive role-appropriate security awareness and training.,"NIST SP 800-171 Rev. 3, Awareness and Training",,training_record; policy_register,document,Document review,"Use the check detail page to review evidence, record the assessment, and document any exception.",category.awareness-and-training,Awareness and Training,provisional,rollup,medium,NIST SP 800-171 Rev. 3 provides requirement families for protecting CUI in nonfederal systems.,approved_for_rollup,Family rows are not requirement-level determinations and must not be silently treated as CMMC or contract compliance.,"Load requirement identifiers, assessment objectives, organization-defined parameters, CUI scope, and applicable contract rules.","Requirement family, requirement, and assessment objective","NIST SP 800-171A assessment objectives using examine, interview, and test evidence",Organization or contract-defined determination model; CUI scope and POA&M rules apply where invoked,System security plan; CUI flow; control evidence; assessment results; plans of action; organization-defined parameters,Family rows are foundational navigation and do not replace requirement-level assessment or CMMC/contract obligations,Rows require requirement-level content and explicit CUI system scope before an assessment conclusion,NIST SP 800-171 Rev. 3 and applicable SP 800-171A assessment procedures,Determine whether the Awareness and Training requirement family is implemented for the defined CUI system and organizational environment using the applicable assessment objectives.,"Apply to nonfederal systems that process, store, or transmit CUI and to the defined assessment scope, SSP, system security plan boundary, and organization-defined parameters.","Applicable Rev. 3 requirements and assessment objectives are satisfied with current examine, interview, or test evidence and documented scope.","Some objectives are satisfied, but evidence, scope, parameters, implementation, or remediation remains incomplete.",Applicable requirements are not implemented or cannot be demonstrated for the defined CUI environment.,,,,
nist-sp-800-171r3,NIST SP 800-171 Rev. 3,800171r3.audit-accountability,Audit and Accountability,Audit and Accountability,Family,"Create, protect, review, and retain audit records for the CUI environment.","NIST SP 800-171 Rev. 3, Audit and Accountability",,audit_log; retention_policy; monitoring_review,technical,Splunk tracking,"Use the check detail page to review evidence, record the assessment, and document any exception.",category.audit-and-accountability,Audit and Accountability,provisional,rollup,medium,NIST SP 800-171 Rev. 3 provides requirement families for protecting CUI in nonfederal systems.,approved_for_rollup,Family rows are not requirement-level determinations and must not be silently treated as CMMC or contract compliance.,"Load requirement identifiers, assessment objectives, organization-defined parameters, CUI scope, and applicable contract rules.","Requirement family, requirement, and assessment objective","NIST SP 800-171A assessment objectives using examine, interview, and test evidence",Organization or contract-defined determination model; CUI scope and POA&M rules apply where invoked,System security plan; CUI flow; control evidence; assessment results; plans of action; organization-defined parameters,Family rows are foundational navigation and do not replace requirement-level assessment or CMMC/contract obligations,Rows require requirement-level content and explicit CUI system scope before an assessment conclusion,NIST SP 800-171 Rev. 3 and applicable SP 800-171A assessment procedures,Determine whether the Audit and Accountability requirement family is implemented for the defined CUI system and organizational environment using the applicable assessment objectives.,"Apply to nonfederal systems that process, store, or transmit CUI and to the defined assessment scope, SSP, system security plan boundary, and organization-defined parameters.","Applicable Rev. 3 requirements and assessment objectives are satisfied with current examine, interview, or test evidence and documented scope.","Some objectives are satisfied, but evidence, scope, parameters, implementation, or remediation remains incomplete.",Applicable requirements are not implemented or cannot be demonstrated for the defined CUI environment.,,,,
nist-sp-800-171r3,NIST SP 800-171 Rev. 3,800171r3.configuration-management,Configuration Management,Configuration Management,Family,"Establish and monitor secure configurations, inventories, and change control.","NIST SP 800-171 Rev. 3, Configuration Management",,configuration_baseline; change_record; asset_inventory,hybrid,Document + Splunk tracking,"Use the check detail page to review evidence, record the assessment, and document any exception.",category.configuration-management,Configuration Management,provisional,rollup,medium,NIST SP 800-171 Rev. 3 provides requirement families for protecting CUI in nonfederal systems.,approved_for_rollup,Family rows are not requirement-level determinations and must not be silently treated as CMMC or contract compliance.,"Load requirement identifiers, assessment objectives, organization-defined parameters, CUI scope, and applicable contract rules.","Requirement family, requirement, and assessment objective","NIST SP 800-171A assessment objectives using examine, interview, and test evidence",Organization or contract-defined determination model; CUI scope and POA&M rules apply where invoked,System security plan; CUI flow; control evidence; assessment results; plans of action; organization-defined parameters,Family rows are foundational navigation and do not replace requirement-level assessment or CMMC/contract obligations,Rows require requirement-level content and explicit CUI system scope before an assessment conclusion,NIST SP 800-171 Rev. 3 and applicable SP 800-171A assessment procedures,Determine whether the Configuration Management requirement family is implemented for the defined CUI system and organizational environment using the applicable assessment objectives.,"Apply to nonfederal systems that process, store, or transmit CUI and to the defined assessment scope, SSP, system security plan boundary, and organization-defined parameters.","Applicable Rev. 3 requirements and assessment objectives are satisfied with current examine, interview, or test evidence and documented scope.","Some objectives are satisfied, but evidence, scope, parameters, implementation, or remediation remains incomplete.",Applicable requirements are not implemented or cannot be demonstrated for the defined CUI environment.,,,,
nist-sp-800-171r3,NIST SP 800-171 Rev. 3,800171r3.identification-authentication,Identification and Authentication,Identification and Authentication,Family,"Uniquely identify and authenticate users, devices, and processes.","NIST SP 800-171 Rev. 3, Identification and Authentication",,identity_record; mfa_report; authentication_log,technical,Splunk tracking,"Use the check detail page to review evidence, record the assessment, and document any exception.",category.identification-and-authentication,Identification and Authentication,provisional,rollup,medium,NIST SP 800-171 Rev. 3 provides requirement families for protecting CUI in nonfederal systems.,approved_for_rollup,Family rows are not requirement-level determinations and must not be silently treated as CMMC or contract compliance.,"Load requirement identifiers, assessment objectives, organization-defined parameters, CUI scope, and applicable contract rules.","Requirement family, requirement, and assessment objective","NIST SP 800-171A assessment objectives using examine, interview, and test evidence",Organization or contract-defined determination model; CUI scope and POA&M rules apply where invoked,System security plan; CUI flow; control evidence; assessment results; plans of action; organization-defined parameters,Family rows are foundational navigation and do not replace requirement-level assessment or CMMC/contract obligations,Rows require requirement-level content and explicit CUI system scope before an assessment conclusion,NIST SP 800-171 Rev. 3 and applicable SP 800-171A assessment procedures,Determine whether the Identification and Authentication requirement family is implemented for the defined CUI system and organizational environment using the applicable assessment objectives.,"Apply to nonfederal systems that process, store, or transmit CUI and to the defined assessment scope, SSP, system security plan boundary, and organization-defined parameters.","Applicable Rev. 3 requirements and assessment objectives are satisfied with current examine, interview, or test evidence and documented scope.","Some objectives are satisfied, but evidence, scope, parameters, implementation, or remediation remains incomplete.",Applicable requirements are not implemented or cannot be demonstrated for the defined CUI environment.,,,,
nist-sp-800-171r3,NIST SP 800-171 Rev. 3,800171r3.incident-response,Incident Response,Incident Response,Family,"Prepare for, detect, report, analyze, contain, and recover from incidents.","NIST SP 800-171 Rev. 3, Incident Response",,incident_record; response_plan; alert_history,hybrid,Document + Splunk tracking,"Use the check detail page to review evidence, record the assessment, and document any exception.",category.incident-response,Incident Response,provisional,rollup,medium,NIST SP 800-171 Rev. 3 provides requirement families for protecting CUI in nonfederal systems.,approved_for_rollup,Family rows are not requirement-level determinations and must not be silently treated as CMMC or contract compliance.,"Load requirement identifiers, assessment objectives, organization-defined parameters, CUI scope, and applicable contract rules.","Requirement family, requirement, and assessment objective","NIST SP 800-171A assessment objectives using examine, interview, and test evidence",Organization or contract-defined determination model; CUI scope and POA&M rules apply where invoked,System security plan; CUI flow; control evidence; assessment results; plans of action; organization-defined parameters,Family rows are foundational navigation and do not replace requirement-level assessment or CMMC/contract obligations,Rows require requirement-level content and explicit CUI system scope before an assessment conclusion,NIST SP 800-171 Rev. 3 and applicable SP 800-171A assessment procedures,Determine whether the Incident Response requirement family is implemented for the defined CUI system and organizational environment using the applicable assessment objectives.,"Apply to nonfederal systems that process, store, or transmit CUI and to the defined assessment scope, SSP, system security plan boundary, and organization-defined parameters.","Applicable Rev. 3 requirements and assessment objectives are satisfied with current examine, interview, or test evidence and documented scope.","Some objectives are satisfied, but evidence, scope, parameters, implementation, or remediation remains incomplete.",Applicable requirements are not implemented or cannot be demonstrated for the defined CUI environment.,,,,
nist-sp-800-171r3,NIST SP 800-171 Rev. 3,800171r3.media-protection,Media Protection,Media Protection,Family,"Protect, control, sanitize, and transport system media containing CUI.","NIST SP 800-171 Rev. 3, Media Protection",,media_register; sanitization_record; policy_register,document,Document review,"Use the check detail page to review evidence, record the assessment, and document any exception.",category.media-protection,Media Protection,provisional,rollup,medium,NIST SP 800-171 Rev. 3 provides requirement families for protecting CUI in nonfederal systems.,approved_for_rollup,Family rows are not requirement-level determinations and must not be silently treated as CMMC or contract compliance.,"Load requirement identifiers, assessment objectives, organization-defined parameters, CUI scope, and applicable contract rules.","Requirement family, requirement, and assessment objective","NIST SP 800-171A assessment objectives using examine, interview, and test evidence",Organization or contract-defined determination model; CUI scope and POA&M rules apply where invoked,System security plan; CUI flow; control evidence; assessment results; plans of action; organization-defined parameters,Family rows are foundational navigation and do not replace requirement-level assessment or CMMC/contract obligations,Rows require requirement-level content and explicit CUI system scope before an assessment conclusion,NIST SP 800-171 Rev. 3 and applicable SP 800-171A assessment procedures,Determine whether the Media Protection requirement family is implemented for the defined CUI system and organizational environment using the applicable assessment objectives.,"Apply to nonfederal systems that process, store, or transmit CUI and to the defined assessment scope, SSP, system security plan boundary, and organization-defined parameters.","Applicable Rev. 3 requirements and assessment objectives are satisfied with current examine, interview, or test evidence and documented scope.","Some objectives are satisfied, but evidence, scope, parameters, implementation, or remediation remains incomplete.",Applicable requirements are not implemented or cannot be demonstrated for the defined CUI environment.,,,,
nist-sp-800-171r3,NIST SP 800-171 Rev. 3,800171r3.physical-protection,Physical Protection,Physical Protection,Family,Limit physical access and monitor facilities and devices supporting CUI.,"NIST SP 800-171 Rev. 3, Physical Protection",,physical_access_record; visitor_log; facility_review,hybrid,Document + Splunk tracking,"Use the check detail page to review evidence, record the assessment, and document any exception.",category.physical-protection,Physical Protection,provisional,rollup,medium,NIST SP 800-171 Rev. 3 provides requirement families for protecting CUI in nonfederal systems.,approved_for_rollup,Family rows are not requirement-level determinations and must not be silently treated as CMMC or contract compliance.,"Load requirement identifiers, assessment objectives, organization-defined parameters, CUI scope, and applicable contract rules.","Requirement family, requirement, and assessment objective","NIST SP 800-171A assessment objectives using examine, interview, and test evidence",Organization or contract-defined determination model; CUI scope and POA&M rules apply where invoked,System security plan; CUI flow; control evidence; assessment results; plans of action; organization-defined parameters,Family rows are foundational navigation and do not replace requirement-level assessment or CMMC/contract obligations,Rows require requirement-level content and explicit CUI system scope before an assessment conclusion,NIST SP 800-171 Rev. 3 and applicable SP 800-171A assessment procedures,Determine whether the Physical Protection requirement family is implemented for the defined CUI system and organizational environment using the applicable assessment objectives.,"Apply to nonfederal systems that process, store, or transmit CUI and to the defined assessment scope, SSP, system security plan boundary, and organization-defined parameters.","Applicable Rev. 3 requirements and assessment objectives are satisfied with current examine, interview, or test evidence and documented scope.","Some objectives are satisfied, but evidence, scope, parameters, implementation, or remediation remains incomplete.",Applicable requirements are not implemented or cannot be demonstrated for the defined CUI environment.,,,,
nist-sp-800-171r3,NIST SP 800-171 Rev. 3,800171r3.system-communications,System and Communications Protection,System and Communications Protection,Family,"Protect communications, boundaries, and CUI flows in transit and at rest.","NIST SP 800-171 Rev. 3, System and Communications Protection",,network_diagram; encryption_configuration; data_flow,hybrid,Document + Splunk tracking,"Use the check detail page to review evidence, record the assessment, and document any exception.",category.system-and-communications-protection,System and Communications Protection,provisional,rollup,medium,NIST SP 800-171 Rev. 3 provides requirement families for protecting CUI in nonfederal systems.,approved_for_rollup,Family rows are not requirement-level determinations and must not be silently treated as CMMC or contract compliance.,"Load requirement identifiers, assessment objectives, organization-defined parameters, CUI scope, and applicable contract rules.","Requirement family, requirement, and assessment objective","NIST SP 800-171A assessment objectives using examine, interview, and test evidence",Organization or contract-defined determination model; CUI scope and POA&M rules apply where invoked,System security plan; CUI flow; control evidence; assessment results; plans of action; organization-defined parameters,Family rows are foundational navigation and do not replace requirement-level assessment or CMMC/contract obligations,Rows require requirement-level content and explicit CUI system scope before an assessment conclusion,NIST SP 800-171 Rev. 3 and applicable SP 800-171A assessment procedures,Determine whether the System and Communications Protection requirement family is implemented for the defined CUI system and organizational environment using the applicable assessment objectives.,"Apply to nonfederal systems that process, store, or transmit CUI and to the defined assessment scope, SSP, system security plan boundary, and organization-defined parameters.","Applicable Rev. 3 requirements and assessment objectives are satisfied with current examine, interview, or test evidence and documented scope.","Some objectives are satisfied, but evidence, scope, parameters, implementation, or remediation remains incomplete.",Applicable requirements are not implemented or cannot be demonstrated for the defined CUI environment.,,,,
nist-sp-800-171r3,NIST SP 800-171 Rev. 3,800171r3.system-integrity,System and Information Integrity,System and Information Integrity,Family,"Identify, report, correct, and monitor flaws, malicious code, and anomalous activity.","NIST SP 800-171 Rev. 3, System and Information Integrity",,vulnerability_report; alert_history; patch_record,technical,Splunk tracking,"Use the check detail page to review evidence, record the assessment, and document any exception.",category.system-and-information-integrity,System and Information Integrity,provisional,rollup,medium,NIST SP 800-171 Rev. 3 provides requirement families for protecting CUI in nonfederal systems.,approved_for_rollup,Family rows are not requirement-level determinations and must not be silently treated as CMMC or contract compliance.,"Load requirement identifiers, assessment objectives, organization-defined parameters, CUI scope, and applicable contract rules.","Requirement family, requirement, and assessment objective","NIST SP 800-171A assessment objectives using examine, interview, and test evidence",Organization or contract-defined determination model; CUI scope and POA&M rules apply where invoked,System security plan; CUI flow; control evidence; assessment results; plans of action; organization-defined parameters,Family rows are foundational navigation and do not replace requirement-level assessment or CMMC/contract obligations,Rows require requirement-level content and explicit CUI system scope before an assessment conclusion,NIST SP 800-171 Rev. 3 and applicable SP 800-171A assessment procedures,Determine whether the System and Information Integrity requirement family is implemented for the defined CUI system and organizational environment using the applicable assessment objectives.,"Apply to nonfederal systems that process, store, or transmit CUI and to the defined assessment scope, SSP, system security plan boundary, and organization-defined parameters.","Applicable Rev. 3 requirements and assessment objectives are satisfied with current examine, interview, or test evidence and documented scope.","Some objectives are satisfied, but evidence, scope, parameters, implementation, or remediation remains incomplete.",Applicable requirements are not implemented or cannot be demonstrated for the defined CUI environment.,,,,
nist-sp-800-171r3,NIST SP 800-171 Rev. 3,800171r3.planning,Planning,Planning,Family,"Document security plans, rules of behavior, scope, and responsibilities.","NIST SP 800-171 Rev. 3, Planning",,system_security_plan; rules_of_behavior; scope_record,document,Document review,"Use the check detail page to review evidence, record the assessment, and document any exception.",category.planning,Planning,provisional,rollup,medium,NIST SP 800-171 Rev. 3 provides requirement families for protecting CUI in nonfederal systems.,approved_for_rollup,Family rows are not requirement-level determinations and must not be silently treated as CMMC or contract compliance.,"Load requirement identifiers, assessment objectives, organization-defined parameters, CUI scope, and applicable contract rules.","Requirement family, requirement, and assessment objective","NIST SP 800-171A assessment objectives using examine, interview, and test evidence",Organization or contract-defined determination model; CUI scope and POA&M rules apply where invoked,System security plan; CUI flow; control evidence; assessment results; plans of action; organization-defined parameters,Family rows are foundational navigation and do not replace requirement-level assessment or CMMC/contract obligations,Rows require requirement-level content and explicit CUI system scope before an assessment conclusion,NIST SP 800-171 Rev. 3 and applicable SP 800-171A assessment procedures,Determine whether the Planning requirement family is implemented for the defined CUI system and organizational environment using the applicable assessment objectives.,"Apply to nonfederal systems that process, store, or transmit CUI and to the defined assessment scope, SSP, system security plan boundary, and organization-defined parameters.","Applicable Rev. 3 requirements and assessment objectives are satisfied with current examine, interview, or test evidence and documented scope.","Some objectives are satisfied, but evidence, scope, parameters, implementation, or remediation remains incomplete.",Applicable requirements are not implemented or cannot be demonstrated for the defined CUI environment.,,,,
nist-sp-800-171r3,NIST SP 800-171 Rev. 3,800171r3.risk-assessment,Risk Assessment,Risk Assessment,Family,"Assess risks to organizational operations, assets, individuals, and CUI.","NIST SP 800-171 Rev. 3, Risk Assessment",,risk_assessment; threat_model; risk_register,document,Document review,"Use the check detail page to review evidence, record the assessment, and document any exception.",category.risk-assessment,Risk Assessment,provisional,rollup,medium,NIST SP 800-171 Rev. 3 provides requirement families for protecting CUI in nonfederal systems.,approved_for_rollup,Family rows are not requirement-level determinations and must not be silently treated as CMMC or contract compliance.,"Load requirement identifiers, assessment objectives, organization-defined parameters, CUI scope, and applicable contract rules.","Requirement family, requirement, and assessment objective","NIST SP 800-171A assessment objectives using examine, interview, and test evidence",Organization or contract-defined determination model; CUI scope and POA&M rules apply where invoked,System security plan; CUI flow; control evidence; assessment results; plans of action; organization-defined parameters,Family rows are foundational navigation and do not replace requirement-level assessment or CMMC/contract obligations,Rows require requirement-level content and explicit CUI system scope before an assessment conclusion,NIST SP 800-171 Rev. 3 and applicable SP 800-171A assessment procedures,Determine whether the Risk Assessment requirement family is implemented for the defined CUI system and organizational environment using the applicable assessment objectives.,"Apply to nonfederal systems that process, store, or transmit CUI and to the defined assessment scope, SSP, system security plan boundary, and organization-defined parameters.","Applicable Rev. 3 requirements and assessment objectives are satisfied with current examine, interview, or test evidence and documented scope.","Some objectives are satisfied, but evidence, scope, parameters, implementation, or remediation remains incomplete.",Applicable requirements are not implemented or cannot be demonstrated for the defined CUI environment.,,,,
nist-sp-800-171r3,NIST SP 800-171 Rev. 3,800171r3.security-assessment,Security Assessment and Monitoring,Security Assessment and Monitoring,Family,Assess controls and monitor ongoing effectiveness and changes in the CUI environment.,"NIST SP 800-171 Rev. 3, Security Assessment and Monitoring",,assessment_results; technical_measurement; monitoring_plan,hybrid,Document + Splunk tracking,"Use the check detail page to review evidence, record the assessment, and document any exception.",category.security-assessment-and-monitoring,Security Assessment and Monitoring,provisional,rollup,medium,NIST SP 800-171 Rev. 3 provides requirement families for protecting CUI in nonfederal systems.,approved_for_rollup,Family rows are not requirement-level determinations and must not be silently treated as CMMC or contract compliance.,"Load requirement identifiers, assessment objectives, organization-defined parameters, CUI scope, and applicable contract rules.","Requirement family, requirement, and assessment objective","NIST SP 800-171A assessment objectives using examine, interview, and test evidence",Organization or contract-defined determination model; CUI scope and POA&M rules apply where invoked,System security plan; CUI flow; control evidence; assessment results; plans of action; organization-defined parameters,Family rows are foundational navigation and do not replace requirement-level assessment or CMMC/contract obligations,Rows require requirement-level content and explicit CUI system scope before an assessment conclusion,NIST SP 800-171 Rev. 3 and applicable SP 800-171A assessment procedures,Determine whether the Security Assessment and Monitoring requirement family is implemented for the defined CUI system and organizational environment using the applicable assessment objectives.,"Apply to nonfederal systems that process, store, or transmit CUI and to the defined assessment scope, SSP, system security plan boundary, and organization-defined parameters.","Applicable Rev. 3 requirements and assessment objectives are satisfied with current examine, interview, or test evidence and documented scope.","Some objectives are satisfied, but evidence, scope, parameters, implementation, or remediation remains incomplete.",Applicable requirements are not implemented or cannot be demonstrated for the defined CUI environment.,,,,
nist-sp-800-171r3,NIST SP 800-171 Rev. 3,800171r3.supply-chain,Supply Chain Risk Management,Supply Chain Risk Management,Family,"Identify and manage supply chain risks affecting CUI systems, services, and components.","NIST SP 800-171 Rev. 3, Supply Chain Risk Management",,supplier_register; contract_review; risk_assessment,document,Document review,"Use the check detail page to review evidence, record the assessment, and document any exception.",category.supply-chain-risk-management,Supply Chain Risk Management,provisional,rollup,medium,NIST SP 800-171 Rev. 3 provides requirement families for protecting CUI in nonfederal systems.,approved_for_rollup,Family rows are not requirement-level determinations and must not be silently treated as CMMC or contract compliance.,"Load requirement identifiers, assessment objectives, organization-defined parameters, CUI scope, and applicable contract rules.","Requirement family, requirement, and assessment objective","NIST SP 800-171A assessment objectives using examine, interview, and test evidence",Organization or contract-defined determination model; CUI scope and POA&M rules apply where invoked,System security plan; CUI flow; control evidence; assessment results; plans of action; organization-defined parameters,Family rows are foundational navigation and do not replace requirement-level assessment or CMMC/contract obligations,Rows require requirement-level content and explicit CUI system scope before an assessment conclusion,NIST SP 800-171 Rev. 3 and applicable SP 800-171A assessment procedures,Determine whether the Supply Chain Risk Management requirement family is implemented for the defined CUI system and organizational environment using the applicable assessment objectives.,"Apply to nonfederal systems that process, store, or transmit CUI and to the defined assessment scope, SSP, system security plan boundary, and organization-defined parameters.","Applicable Rev. 3 requirements and assessment objectives are satisfied with current examine, interview, or test evidence and documented scope.","Some objectives are satisfied, but evidence, scope, parameters, implementation, or remediation remains incomplete.",Applicable requirements are not implemented or cannot be demonstrated for the defined CUI environment.,,,,
nist-sp-800-53r5,NIST SP 800-53 Rev. 5,nist53.ac,Access Control,Access Control,Control,"Limit information system access to authorized users, processes, and devices and enforce approved flows.",NIST SP 800-53 Rev. 5: AC,,access_policy; role_matrix; access_review,hybrid,Document + Splunk tracking,"Review the approved access policy and role design, then inspect current access review evidence and exceptions.",category.access-control,Access Control,provisional,rollup,high,NIST SP 800-53 control-family names are authoritative groupings for organizing control coverage.,approved_for_rollup,"A family is not an individual control. Audit use requires control IDs, enhancements, baselines, tailoring, and SP 800-53A assessment procedures.",Add control/enhancement content and bind each assessment to the selected baseline and assessment procedure.,"Control, Enhancement, and Determination Statement","SP 800-53A assessment procedures using Examine, Interview, and Test methods","Determination statement results with baseline, tailoring, ODP, and scope context",System security and privacy plans; control implementation evidence; assessment plan; assessment results; ODPs,Control-family rows are roll-up navigation and cannot replace control/enhancement assessment procedures,"Assessment-level approval requires source control identifiers, procedures, objects, and tailoring",NIST SP 800-53A Rev. 5 assessment procedures,"Determine whether the Access Control control family is implemented according to the applicable baseline, tailoring, ODPs, and SP 800-53A procedures.","Apply only to controls and enhancements selected for the system after baseline, tailoring, and ODP decisions.","Applicable determination statements are satisfied with current examine, interview, or test evidence and documented scope.","Some determination statements are satisfied, but one or more applicable statements, objects, or evidence items remain incomplete.",Applicable determination statements are not satisfied or cannot be assessed from current evidence.,,,,
nist-sp-800-53r5,NIST SP 800-53 Rev. 5,nist53.at,Awareness and Training,Awareness and Training,Control,Ensure personnel understand security and privacy responsibilities and receive role-based training.,NIST SP 800-53 Rev. 5: AT,,training_policy; training_records; completion_report,document,Document review,"Provide the approved training policy, course assignments, completion records, and overdue remediation.",category.awareness-and-training,Awareness and Training,provisional,rollup,high,NIST SP 800-53 control-family names are authoritative groupings for organizing control coverage.,approved_for_rollup,"A family is not an individual control. Audit use requires control IDs, enhancements, baselines, tailoring, and SP 800-53A assessment procedures.",Add control/enhancement content and bind each assessment to the selected baseline and assessment procedure.,"Control, Enhancement, and Determination Statement","SP 800-53A assessment procedures using Examine, Interview, and Test methods","Determination statement results with baseline, tailoring, ODP, and scope context",System security and privacy plans; control implementation evidence; assessment plan; assessment results; ODPs,Control-family rows are roll-up navigation and cannot replace control/enhancement assessment procedures,"Assessment-level approval requires source control identifiers, procedures, objects, and tailoring",NIST SP 800-53A Rev. 5 assessment procedures,"Determine whether the Awareness and Training control family is implemented according to the applicable baseline, tailoring, ODPs, and SP 800-53A procedures.","Apply only to controls and enhancements selected for the system after baseline, tailoring, and ODP decisions.","Applicable determination statements are satisfied with current examine, interview, or test evidence and documented scope.","Some determination statements are satisfied, but one or more applicable statements, objects, or evidence items remain incomplete.",Applicable determination statements are not satisfied or cannot be assessed from current evidence.,,,,
nist-sp-800-53r5,NIST SP 800-53 Rev. 5,nist53.au,Audit and Accountability,Audit and Accountability,Control,"Create, protect, review, and retain audit records sufficient to support accountability and investigation.",NIST SP 800-53 Rev. 5: AU,,audit_policy; log_source_inventory; retention_report,hybrid,Document + Splunk tracking,"Review the audit policy and use Splunk tracking to demonstrate source coverage, freshness, review, and retention.",category.audit-and-accountability,Audit and Accountability,provisional,rollup,high,NIST SP 800-53 control-family names are authoritative groupings for organizing control coverage.,approved_for_rollup,"A family is not an individual control. Audit use requires control IDs, enhancements, baselines, tailoring, and SP 800-53A assessment procedures.",Add control/enhancement content and bind each assessment to the selected baseline and assessment procedure.,"Control, Enhancement, and Determination Statement","SP 800-53A assessment procedures using Examine, Interview, and Test methods","Determination statement results with baseline, tailoring, ODP, and scope context",System security and privacy plans; control implementation evidence; assessment plan; assessment results; ODPs,Control-family rows are roll-up navigation and cannot replace control/enhancement assessment procedures,"Assessment-level approval requires source control identifiers, procedures, objects, and tailoring",NIST SP 800-53A Rev. 5 assessment procedures,"Determine whether the Audit and Accountability control family is implemented according to the applicable baseline, tailoring, ODPs, and SP 800-53A procedures.","Apply only to controls and enhancements selected for the system after baseline, tailoring, and ODP decisions.","Applicable determination statements are satisfied with current examine, interview, or test evidence and documented scope.","Some determination statements are satisfied, but one or more applicable statements, objects, or evidence items remain incomplete.",Applicable determination statements are not satisfied or cannot be assessed from current evidence.,,,,
nist-sp-800-53r5,NIST SP 800-53 Rev. 5,nist53.ca,"Assessment, Authorization, and Monitoring",Assessment and Monitoring,Control,"Assess controls, authorize systems, and monitor control effectiveness over time.",NIST SP 800-53 Rev. 5: CA,,assessment_report; authorization_record; monitoring_report,hybrid,Document + Splunk tracking,"Review the authorization and assessment records, then verify the monitoring output is current and tied to owners.",category.assessment-and-monitoring,Assessment and Monitoring,provisional,rollup,high,NIST SP 800-53 control-family names are authoritative groupings for organizing control coverage.,approved_for_rollup,"A family is not an individual control. Audit use requires control IDs, enhancements, baselines, tailoring, and SP 800-53A assessment procedures.",Add control/enhancement content and bind each assessment to the selected baseline and assessment procedure.,"Control, Enhancement, and Determination Statement","SP 800-53A assessment procedures using Examine, Interview, and Test methods","Determination statement results with baseline, tailoring, ODP, and scope context",System security and privacy plans; control implementation evidence; assessment plan; assessment results; ODPs,Control-family rows are roll-up navigation and cannot replace control/enhancement assessment procedures,"Assessment-level approval requires source control identifiers, procedures, objects, and tailoring",NIST SP 800-53A Rev. 5 assessment procedures,"Determine whether the Assessment, Authorization, and Monitoring control family is implemented according to the applicable baseline, tailoring, ODPs, and SP 800-53A procedures.","Apply only to controls and enhancements selected for the system after baseline, tailoring, and ODP decisions.","Applicable determination statements are satisfied with current examine, interview, or test evidence and documented scope.","Some determination statements are satisfied, but one or more applicable statements, objects, or evidence items remain incomplete.",Applicable determination statements are not satisfied or cannot be assessed from current evidence.,,,,
nist-sp-800-53r5,NIST SP 800-53 Rev. 5,nist53.cm,Configuration Management,Configuration Management,Control,Establish and maintain baseline configurations and control changes to systems and components.,NIST SP 800-53 Rev. 5: CM,,configuration_baseline; change_record; configuration_scan,technical,Splunk tracking,"Use a current configuration dashboard or saved search to show baseline drift, changes, and unresolved exceptions.",category.configuration-management,Configuration Management,provisional,rollup,high,NIST SP 800-53 control-family names are authoritative groupings for organizing control coverage.,approved_for_rollup,"A family is not an individual control. Audit use requires control IDs, enhancements, baselines, tailoring, and SP 800-53A assessment procedures.",Add control/enhancement content and bind each assessment to the selected baseline and assessment procedure.,"Control, Enhancement, and Determination Statement","SP 800-53A assessment procedures using Examine, Interview, and Test methods","Determination statement results with baseline, tailoring, ODP, and scope context",System security and privacy plans; control implementation evidence; assessment plan; assessment results; ODPs,Control-family rows are roll-up navigation and cannot replace control/enhancement assessment procedures,"Assessment-level approval requires source control identifiers, procedures, objects, and tailoring",NIST SP 800-53A Rev. 5 assessment procedures,"Determine whether the Configuration Management control family is implemented according to the applicable baseline, tailoring, ODPs, and SP 800-53A procedures.","Apply only to controls and enhancements selected for the system after baseline, tailoring, and ODP decisions.","Applicable determination statements are satisfied with current examine, interview, or test evidence and documented scope.","Some determination statements are satisfied, but one or more applicable statements, objects, or evidence items remain incomplete.",Applicable determination statements are not satisfied or cannot be assessed from current evidence.,,,,
nist-sp-800-53r5,NIST SP 800-53 Rev. 5,nist53.cp,Contingency Planning,Contingency Planning,Control,"Prepare for, respond to, and recover from system disruptions and failures.",NIST SP 800-53 Rev. 5: CP,,continuity_plan; recovery_plan; restore_test,hybrid,Document + Splunk tracking,Review the approved continuity plan and attach a recent exercise or restore test that demonstrates it works.,category.contingency-planning,Contingency Planning,provisional,rollup,high,NIST SP 800-53 control-family names are authoritative groupings for organizing control coverage.,approved_for_rollup,"A family is not an individual control. Audit use requires control IDs, enhancements, baselines, tailoring, and SP 800-53A assessment procedures.",Add control/enhancement content and bind each assessment to the selected baseline and assessment procedure.,"Control, Enhancement, and Determination Statement","SP 800-53A assessment procedures using Examine, Interview, and Test methods","Determination statement results with baseline, tailoring, ODP, and scope context",System security and privacy plans; control implementation evidence; assessment plan; assessment results; ODPs,Control-family rows are roll-up navigation and cannot replace control/enhancement assessment procedures,"Assessment-level approval requires source control identifiers, procedures, objects, and tailoring",NIST SP 800-53A Rev. 5 assessment procedures,"Determine whether the Contingency Planning control family is implemented according to the applicable baseline, tailoring, ODPs, and SP 800-53A procedures.","Apply only to controls and enhancements selected for the system after baseline, tailoring, and ODP decisions.","Applicable determination statements are satisfied with current examine, interview, or test evidence and documented scope.","Some determination statements are satisfied, but one or more applicable statements, objects, or evidence items remain incomplete.",Applicable determination statements are not satisfied or cannot be assessed from current evidence.,,,,
nist-sp-800-53r5,NIST SP 800-53 Rev. 5,nist53.ia,Identification and Authentication,Identification and Authentication,Control,"Identify and authenticate users, devices, and processes before access is granted.",NIST SP 800-53 Rev. 5: IA,,identity_policy; mfa_report; authentication_logs,technical,Splunk tracking,"Use identity or authentication tracking to demonstrate coverage, exceptions, and recent successful test events.",category.identification-and-authentication,Identification and Authentication,provisional,rollup,high,NIST SP 800-53 control-family names are authoritative groupings for organizing control coverage.,approved_for_rollup,"A family is not an individual control. Audit use requires control IDs, enhancements, baselines, tailoring, and SP 800-53A assessment procedures.",Add control/enhancement content and bind each assessment to the selected baseline and assessment procedure.,"Control, Enhancement, and Determination Statement","SP 800-53A assessment procedures using Examine, Interview, and Test methods","Determination statement results with baseline, tailoring, ODP, and scope context",System security and privacy plans; control implementation evidence; assessment plan; assessment results; ODPs,Control-family rows are roll-up navigation and cannot replace control/enhancement assessment procedures,"Assessment-level approval requires source control identifiers, procedures, objects, and tailoring",NIST SP 800-53A Rev. 5 assessment procedures,"Determine whether the Identification and Authentication control family is implemented according to the applicable baseline, tailoring, ODPs, and SP 800-53A procedures.","Apply only to controls and enhancements selected for the system after baseline, tailoring, and ODP decisions.","Applicable determination statements are satisfied with current examine, interview, or test evidence and documented scope.","Some determination statements are satisfied, but one or more applicable statements, objects, or evidence items remain incomplete.",Applicable determination statements are not satisfied or cannot be assessed from current evidence.,,,,
nist-sp-800-53r5,NIST SP 800-53 Rev. 5,nist53.ir,Incident Response,Incident Response,Control,"Prepare for, detect, analyze, contain, eradicate, and recover from incidents.",NIST SP 800-53 Rev. 5: IR,,incident_response_plan; incident_record; exercise_record,hybrid,Document + Splunk tracking,"Review the response plan and confirm it is supported by incident records, alert history, and an exercise or actual response.",category.incident-response,Incident Response,provisional,rollup,high,NIST SP 800-53 control-family names are authoritative groupings for organizing control coverage.,approved_for_rollup,"A family is not an individual control. Audit use requires control IDs, enhancements, baselines, tailoring, and SP 800-53A assessment procedures.",Add control/enhancement content and bind each assessment to the selected baseline and assessment procedure.,"Control, Enhancement, and Determination Statement","SP 800-53A assessment procedures using Examine, Interview, and Test methods","Determination statement results with baseline, tailoring, ODP, and scope context",System security and privacy plans; control implementation evidence; assessment plan; assessment results; ODPs,Control-family rows are roll-up navigation and cannot replace control/enhancement assessment procedures,"Assessment-level approval requires source control identifiers, procedures, objects, and tailoring",NIST SP 800-53A Rev. 5 assessment procedures,"Determine whether the Incident Response control family is implemented according to the applicable baseline, tailoring, ODPs, and SP 800-53A procedures.","Apply only to controls and enhancements selected for the system after baseline, tailoring, and ODP decisions.","Applicable determination statements are satisfied with current examine, interview, or test evidence and documented scope.","Some determination statements are satisfied, but one or more applicable statements, objects, or evidence items remain incomplete.",Applicable determination statements are not satisfied or cannot be assessed from current evidence.,,,,
nist-sp-800-53r5,NIST SP 800-53 Rev. 5,nist53.ma,Maintenance,Maintenance,Control,Perform controlled and monitored maintenance on organizational systems.,NIST SP 800-53 Rev. 5: MA,,maintenance_policy; maintenance_records; remote_access_logs,hybrid,Document + Splunk tracking,"Review the maintenance procedure and sample records or logs for authorization, monitoring, and completion.",category.maintenance,Maintenance,provisional,rollup,high,NIST SP 800-53 control-family names are authoritative groupings for organizing control coverage.,approved_for_rollup,"A family is not an individual control. Audit use requires control IDs, enhancements, baselines, tailoring, and SP 800-53A assessment procedures.",Add control/enhancement content and bind each assessment to the selected baseline and assessment procedure.,"Control, Enhancement, and Determination Statement","SP 800-53A assessment procedures using Examine, Interview, and Test methods","Determination statement results with baseline, tailoring, ODP, and scope context",System security and privacy plans; control implementation evidence; assessment plan; assessment results; ODPs,Control-family rows are roll-up navigation and cannot replace control/enhancement assessment procedures,"Assessment-level approval requires source control identifiers, procedures, objects, and tailoring",NIST SP 800-53A Rev. 5 assessment procedures,"Determine whether the Maintenance control family is implemented according to the applicable baseline, tailoring, ODPs, and SP 800-53A procedures.","Apply only to controls and enhancements selected for the system after baseline, tailoring, and ODP decisions.","Applicable determination statements are satisfied with current examine, interview, or test evidence and documented scope.","Some determination statements are satisfied, but one or more applicable statements, objects, or evidence items remain incomplete.",Applicable determination statements are not satisfied or cannot be assessed from current evidence.,,,,
nist-sp-800-53r5,NIST SP 800-53 Rev. 5,nist53.mp,Media Protection,Media Protection,Control,"Protect system media, including digital and non-digital media, through handling, access, and disposal controls.",NIST SP 800-53 Rev. 5: MP,,media_policy; media_inventory; disposal_record,document,Document review,"Review the approved media handling and disposal policy, inventory, access restrictions, and completed disposal records.",category.media-protection,Media Protection,provisional,rollup,high,NIST SP 800-53 control-family names are authoritative groupings for organizing control coverage.,approved_for_rollup,"A family is not an individual control. Audit use requires control IDs, enhancements, baselines, tailoring, and SP 800-53A assessment procedures.",Add control/enhancement content and bind each assessment to the selected baseline and assessment procedure.,"Control, Enhancement, and Determination Statement","SP 800-53A assessment procedures using Examine, Interview, and Test methods","Determination statement results with baseline, tailoring, ODP, and scope context",System security and privacy plans; control implementation evidence; assessment plan; assessment results; ODPs,Control-family rows are roll-up navigation and cannot replace control/enhancement assessment procedures,"Assessment-level approval requires source control identifiers, procedures, objects, and tailoring",NIST SP 800-53A Rev. 5 assessment procedures,"Determine whether the Media Protection control family is implemented according to the applicable baseline, tailoring, ODPs, and SP 800-53A procedures.","Apply only to controls and enhancements selected for the system after baseline, tailoring, and ODP decisions.","Applicable determination statements are satisfied with current examine, interview, or test evidence and documented scope.","Some determination statements are satisfied, but one or more applicable statements, objects, or evidence items remain incomplete.",Applicable determination statements are not satisfied or cannot be assessed from current evidence.,,,,
nist-sp-800-53r5,NIST SP 800-53 Rev. 5,nist53.pe,Physical and Environmental Protection,Physical Protection,Control,"Limit physical access and protect facilities, systems, and supporting infrastructure from environmental threats.",NIST SP 800-53 Rev. 5: PE,,physical_security_policy; visitor_log; facility_test,document,Document review,"Review the approved physical security procedure and current access, visitor, environmental, and test records.",category.physical-protection,Physical Protection,provisional,rollup,high,NIST SP 800-53 control-family names are authoritative groupings for organizing control coverage.,approved_for_rollup,"A family is not an individual control. Audit use requires control IDs, enhancements, baselines, tailoring, and SP 800-53A assessment procedures.",Add control/enhancement content and bind each assessment to the selected baseline and assessment procedure.,"Control, Enhancement, and Determination Statement","SP 800-53A assessment procedures using Examine, Interview, and Test methods","Determination statement results with baseline, tailoring, ODP, and scope context",System security and privacy plans; control implementation evidence; assessment plan; assessment results; ODPs,Control-family rows are roll-up navigation and cannot replace control/enhancement assessment procedures,"Assessment-level approval requires source control identifiers, procedures, objects, and tailoring",NIST SP 800-53A Rev. 5 assessment procedures,"Determine whether the Physical and Environmental Protection control family is implemented according to the applicable baseline, tailoring, ODPs, and SP 800-53A procedures.","Apply only to controls and enhancements selected for the system after baseline, tailoring, and ODP decisions.","Applicable determination statements are satisfied with current examine, interview, or test evidence and documented scope.","Some determination statements are satisfied, but one or more applicable statements, objects, or evidence items remain incomplete.",Applicable determination statements are not satisfied or cannot be assessed from current evidence.,,,,
nist-sp-800-53r5,NIST SP 800-53 Rev. 5,nist53.pl,Planning,Planning,Control,"Develop and maintain security and privacy plans that describe the system, controls, roles, and operating assumptions.",NIST SP 800-53 Rev. 5: PL,,system_security_plan; privacy_plan; risk_assessment,document,Document review,"Provide current approved plans with system scope, control responsibilities, assumptions, exceptions, and review dates. The plan must match the deployed system.",category.planning,Planning,provisional,rollup,high,NIST SP 800-53 control-family names are authoritative groupings for organizing control coverage.,approved_for_rollup,"A family is not an individual control. Audit use requires control IDs, enhancements, baselines, tailoring, and SP 800-53A assessment procedures.",Add control/enhancement content and bind each assessment to the selected baseline and assessment procedure.,"Control, Enhancement, and Determination Statement","SP 800-53A assessment procedures using Examine, Interview, and Test methods","Determination statement results with baseline, tailoring, ODP, and scope context",System security and privacy plans; control implementation evidence; assessment plan; assessment results; ODPs,Control-family rows are roll-up navigation and cannot replace control/enhancement assessment procedures,"Assessment-level approval requires source control identifiers, procedures, objects, and tailoring",NIST SP 800-53A Rev. 5 assessment procedures,"Determine whether the Planning control family is implemented according to the applicable baseline, tailoring, ODPs, and SP 800-53A procedures.","Apply only to controls and enhancements selected for the system after baseline, tailoring, and ODP decisions.","Applicable determination statements are satisfied with current examine, interview, or test evidence and documented scope.","Some determination statements are satisfied, but one or more applicable statements, objects, or evidence items remain incomplete.",Applicable determination statements are not satisfied or cannot be assessed from current evidence.,,,,
nist-sp-800-53r5,NIST SP 800-53 Rev. 5,nist53.pm,Program Management,Program Management,Control,"Manage organization-wide security and privacy programs, risk, policy, and oversight.",NIST SP 800-53 Rev. 5: PM,,security_program_policy; risk_register; governance_minutes,document,Document review,"Review the approved program charter, risk register, governance decisions, assigned owners, and evidence of periodic review.",category.program-management,Program Management,provisional,rollup,high,NIST SP 800-53 control-family names are authoritative groupings for organizing control coverage.,approved_for_rollup,"A family is not an individual control. Audit use requires control IDs, enhancements, baselines, tailoring, and SP 800-53A assessment procedures.",Add control/enhancement content and bind each assessment to the selected baseline and assessment procedure.,"Control, Enhancement, and Determination Statement","SP 800-53A assessment procedures using Examine, Interview, and Test methods","Determination statement results with baseline, tailoring, ODP, and scope context",System security and privacy plans; control implementation evidence; assessment plan; assessment results; ODPs,Control-family rows are roll-up navigation and cannot replace control/enhancement assessment procedures,"Assessment-level approval requires source control identifiers, procedures, objects, and tailoring",NIST SP 800-53A Rev. 5 assessment procedures,"Determine whether the Program Management control family is implemented according to the applicable baseline, tailoring, ODPs, and SP 800-53A procedures.","Apply only to controls and enhancements selected for the system after baseline, tailoring, and ODP decisions.","Applicable determination statements are satisfied with current examine, interview, or test evidence and documented scope.","Some determination statements are satisfied, but one or more applicable statements, objects, or evidence items remain incomplete.",Applicable determination statements are not satisfied or cannot be assessed from current evidence.,,,,
nist-sp-800-53r5,NIST SP 800-53 Rev. 5,nist53.ps,Personnel Security,Personnel Security,Control,"Manage personnel risk before, during, and after employment or contract assignments.",NIST SP 800-53 Rev. 5: PS,,personnel_security_policy; screening_record; termination_checklist,document,Document review,"Review the approved personnel security procedure and sample onboarding, transfer, and termination records.",category.personnel-security,Personnel Security,provisional,rollup,high,NIST SP 800-53 control-family names are authoritative groupings for organizing control coverage.,approved_for_rollup,"A family is not an individual control. Audit use requires control IDs, enhancements, baselines, tailoring, and SP 800-53A assessment procedures.",Add control/enhancement content and bind each assessment to the selected baseline and assessment procedure.,"Control, Enhancement, and Determination Statement","SP 800-53A assessment procedures using Examine, Interview, and Test methods","Determination statement results with baseline, tailoring, ODP, and scope context",System security and privacy plans; control implementation evidence; assessment plan; assessment results; ODPs,Control-family rows are roll-up navigation and cannot replace control/enhancement assessment procedures,"Assessment-level approval requires source control identifiers, procedures, objects, and tailoring",NIST SP 800-53A Rev. 5 assessment procedures,"Determine whether the Personnel Security control family is implemented according to the applicable baseline, tailoring, ODPs, and SP 800-53A procedures.","Apply only to controls and enhancements selected for the system after baseline, tailoring, and ODP decisions.","Applicable determination statements are satisfied with current examine, interview, or test evidence and documented scope.","Some determination statements are satisfied, but one or more applicable statements, objects, or evidence items remain incomplete.",Applicable determination statements are not satisfied or cannot be assessed from current evidence.,,,,
nist-sp-800-53r5,NIST SP 800-53 Rev. 5,nist53.pt,Personally Identifiable Information Processing and Transparency,Privacy,Control,Manage personally identifiable information processing and provide appropriate transparency and privacy protections.,NIST SP 800-53 Rev. 5: PT,,privacy_notice; data_inventory; privacy_impact_assessment,document,Document review,"Review current privacy notices, data inventory, processing purpose, retention, and privacy impact documentation.",category.privacy,Privacy,provisional,rollup,high,NIST SP 800-53 control-family names are authoritative groupings for organizing control coverage.,approved_for_rollup,"A family is not an individual control. Audit use requires control IDs, enhancements, baselines, tailoring, and SP 800-53A assessment procedures.",Add control/enhancement content and bind each assessment to the selected baseline and assessment procedure.,"Control, Enhancement, and Determination Statement","SP 800-53A assessment procedures using Examine, Interview, and Test methods","Determination statement results with baseline, tailoring, ODP, and scope context",System security and privacy plans; control implementation evidence; assessment plan; assessment results; ODPs,Control-family rows are roll-up navigation and cannot replace control/enhancement assessment procedures,"Assessment-level approval requires source control identifiers, procedures, objects, and tailoring",NIST SP 800-53A Rev. 5 assessment procedures,"Determine whether the Personally Identifiable Information Processing and Transparency control family is implemented according to the applicable baseline, tailoring, ODPs, and SP 800-53A procedures.","Apply only to controls and enhancements selected for the system after baseline, tailoring, and ODP decisions.","Applicable determination statements are satisfied with current examine, interview, or test evidence and documented scope.","Some determination statements are satisfied, but one or more applicable statements, objects, or evidence items remain incomplete.",Applicable determination statements are not satisfied or cannot be assessed from current evidence.,,,,
nist-sp-800-53r5,NIST SP 800-53 Rev. 5,nist53.ra,Risk Assessment,Risk Assessment,Control,"Assess, document, and monitor security and privacy risks to organizational operations and individuals.",NIST SP 800-53 Rev. 5: RA,,risk_assessment; risk_register; threat_assessment,hybrid,Document + Splunk tracking,"Review the current risk assessment and register, then verify material risks have owners, treatment decisions, and tracking evidence.",category.risk-assessment,Risk Assessment,provisional,rollup,high,NIST SP 800-53 control-family names are authoritative groupings for organizing control coverage.,approved_for_rollup,"A family is not an individual control. Audit use requires control IDs, enhancements, baselines, tailoring, and SP 800-53A assessment procedures.",Add control/enhancement content and bind each assessment to the selected baseline and assessment procedure.,"Control, Enhancement, and Determination Statement","SP 800-53A assessment procedures using Examine, Interview, and Test methods","Determination statement results with baseline, tailoring, ODP, and scope context",System security and privacy plans; control implementation evidence; assessment plan; assessment results; ODPs,Control-family rows are roll-up navigation and cannot replace control/enhancement assessment procedures,"Assessment-level approval requires source control identifiers, procedures, objects, and tailoring",NIST SP 800-53A Rev. 5 assessment procedures,"Determine whether the Risk Assessment control family is implemented according to the applicable baseline, tailoring, ODPs, and SP 800-53A procedures.","Apply only to controls and enhancements selected for the system after baseline, tailoring, and ODP decisions.","Applicable determination statements are satisfied with current examine, interview, or test evidence and documented scope.","Some determination statements are satisfied, but one or more applicable statements, objects, or evidence items remain incomplete.",Applicable determination statements are not satisfied or cannot be assessed from current evidence.,,,,
nist-sp-800-53r5,NIST SP 800-53 Rev. 5,nist53.sa,System and Services Acquisition,System Acquisition,Control,"Integrate security and privacy requirements into acquisition, development, and supplier management.",NIST SP 800-53 Rev. 5: SA,,acquisition_policy; security_requirements; supplier_review,hybrid,Document + Splunk tracking,"Review procurement and development requirements, then sample supplier or project records for applied security and privacy criteria.",category.system-acquisition,System Acquisition,provisional,rollup,high,NIST SP 800-53 control-family names are authoritative groupings for organizing control coverage.,approved_for_rollup,"A family is not an individual control. Audit use requires control IDs, enhancements, baselines, tailoring, and SP 800-53A assessment procedures.",Add control/enhancement content and bind each assessment to the selected baseline and assessment procedure.,"Control, Enhancement, and Determination Statement","SP 800-53A assessment procedures using Examine, Interview, and Test methods","Determination statement results with baseline, tailoring, ODP, and scope context",System security and privacy plans; control implementation evidence; assessment plan; assessment results; ODPs,Control-family rows are roll-up navigation and cannot replace control/enhancement assessment procedures,"Assessment-level approval requires source control identifiers, procedures, objects, and tailoring",NIST SP 800-53A Rev. 5 assessment procedures,"Determine whether the System and Services Acquisition control family is implemented according to the applicable baseline, tailoring, ODPs, and SP 800-53A procedures.","Apply only to controls and enhancements selected for the system after baseline, tailoring, and ODP decisions.","Applicable determination statements are satisfied with current examine, interview, or test evidence and documented scope.","Some determination statements are satisfied, but one or more applicable statements, objects, or evidence items remain incomplete.",Applicable determination statements are not satisfied or cannot be assessed from current evidence.,,,,
nist-sp-800-53r5,NIST SP 800-53 Rev. 5,nist53.sc,System and Communications Protection,Communications Protection,Control,"Protect system boundaries, communications, and information flows using approved architectural and technical safeguards.",NIST SP 800-53 Rev. 5: SC,,network_architecture; encryption_configuration; firewall_review,technical,Splunk tracking,"Use network and configuration tracking to show protected flows, encryption coverage, boundary controls, and exceptions.",category.communications-protection,Communications Protection,provisional,rollup,high,NIST SP 800-53 control-family names are authoritative groupings for organizing control coverage.,approved_for_rollup,"A family is not an individual control. Audit use requires control IDs, enhancements, baselines, tailoring, and SP 800-53A assessment procedures.",Add control/enhancement content and bind each assessment to the selected baseline and assessment procedure.,"Control, Enhancement, and Determination Statement","SP 800-53A assessment procedures using Examine, Interview, and Test methods","Determination statement results with baseline, tailoring, ODP, and scope context",System security and privacy plans; control implementation evidence; assessment plan; assessment results; ODPs,Control-family rows are roll-up navigation and cannot replace control/enhancement assessment procedures,"Assessment-level approval requires source control identifiers, procedures, objects, and tailoring",NIST SP 800-53A Rev. 5 assessment procedures,"Determine whether the System and Communications Protection control family is implemented according to the applicable baseline, tailoring, ODPs, and SP 800-53A procedures.","Apply only to controls and enhancements selected for the system after baseline, tailoring, and ODP decisions.","Applicable determination statements are satisfied with current examine, interview, or test evidence and documented scope.","Some determination statements are satisfied, but one or more applicable statements, objects, or evidence items remain incomplete.",Applicable determination statements are not satisfied or cannot be assessed from current evidence.,,,,
nist-sp-800-53r5,NIST SP 800-53 Rev. 5,nist53.si,System and Information Integrity,System Integrity,Control,"Identify, report, and correct flaws, malicious code, improper use, and unauthorized changes.",NIST SP 800-53 Rev. 5: SI,,vulnerability_report; malware_alerts; integrity_monitoring,technical,Splunk tracking,"Use Splunk tracking to show vulnerability, malware, integrity, and remediation status for in-scope systems.",category.system-integrity,System Integrity,provisional,rollup,high,NIST SP 800-53 control-family names are authoritative groupings for organizing control coverage.,approved_for_rollup,"A family is not an individual control. Audit use requires control IDs, enhancements, baselines, tailoring, and SP 800-53A assessment procedures.",Add control/enhancement content and bind each assessment to the selected baseline and assessment procedure.,"Control, Enhancement, and Determination Statement","SP 800-53A assessment procedures using Examine, Interview, and Test methods","Determination statement results with baseline, tailoring, ODP, and scope context",System security and privacy plans; control implementation evidence; assessment plan; assessment results; ODPs,Control-family rows are roll-up navigation and cannot replace control/enhancement assessment procedures,"Assessment-level approval requires source control identifiers, procedures, objects, and tailoring",NIST SP 800-53A Rev. 5 assessment procedures,"Determine whether the System and Information Integrity control family is implemented according to the applicable baseline, tailoring, ODPs, and SP 800-53A procedures.","Apply only to controls and enhancements selected for the system after baseline, tailoring, and ODP decisions.","Applicable determination statements are satisfied with current examine, interview, or test evidence and documented scope.","Some determination statements are satisfied, but one or more applicable statements, objects, or evidence items remain incomplete.",Applicable determination statements are not satisfied or cannot be assessed from current evidence.,,,,
nist-sp-800-53r5,NIST SP 800-53 Rev. 5,nist53.sr,Supply Chain Risk Management,Supply Chain Risk Management,Control,"Identify, assess, and manage risks introduced by suppliers, services, products, and system components.",NIST SP 800-53 Rev. 5: SR,,supplier_inventory; supplier_assessment; contract_review,document,Document review,"Review the approved supply chain process, supplier inventory, assessment results, contract requirements, and exception decisions.",category.supply-chain-risk-management,Supply Chain Risk Management,provisional,rollup,high,NIST SP 800-53 control-family names are authoritative groupings for organizing control coverage.,approved_for_rollup,"A family is not an individual control. Audit use requires control IDs, enhancements, baselines, tailoring, and SP 800-53A assessment procedures.",Add control/enhancement content and bind each assessment to the selected baseline and assessment procedure.,"Control, Enhancement, and Determination Statement","SP 800-53A assessment procedures using Examine, Interview, and Test methods","Determination statement results with baseline, tailoring, ODP, and scope context",System security and privacy plans; control implementation evidence; assessment plan; assessment results; ODPs,Control-family rows are roll-up navigation and cannot replace control/enhancement assessment procedures,"Assessment-level approval requires source control identifiers, procedures, objects, and tailoring",NIST SP 800-53A Rev. 5 assessment procedures,"Determine whether the Supply Chain Risk Management control family is implemented according to the applicable baseline, tailoring, ODPs, and SP 800-53A procedures.","Apply only to controls and enhancements selected for the system after baseline, tailoring, and ODP decisions.","Applicable determination statements are satisfied with current examine, interview, or test evidence and documented scope.","Some determination statements are satisfied, but one or more applicable statements, objects, or evidence items remain incomplete.",Applicable determination statements are not satisfied or cannot be assessed from current evidence.,,,,
pci-dss-4.0.1,PCI DSS,pci.01,Install and Maintain Network Security Controls,Network Security,Control,Define and maintain network security controls that protect the cardholder data environment.,PCI DSS v4.0.1: Requirement 1,,network_diagram; firewall_review; configuration_scan,hybrid,Document + Splunk tracking,Review the approved network control procedure and use configuration or network tracking to show current boundaries and exceptions.,category.network-security,Network Security,provisional,rollup,medium,PCI DSS requirement themes provide a stable grouping for navigation and evidence collection.,approved_for_rollup,"Requirement groups are not the detailed v4.0.1 requirements and subrequirements. Validation also depends on scope, applicable testing procedures, and the selected ROC/SAQ path.","Add detailed requirements, subrequirements, testing procedures, applicability, and ROC/SAQ workflow.",Requirement and Sub-Requirement,"PCI testing procedures: Examine, Observe, Interview; customized approach where documented",Requirement results reported through applicable SAQ or ROC and attestation path,Cardholder data environment scope; SAQ eligibility or ROC path; testing samples; remediation; AOC/attestation,"Requirement themes support readiness; the applicable acquirer, payment brand, QSA, or assessor determines validation",Requirement-theme rows are roll-up navigation until detailed requirement/testing-procedure content is loaded,PCI DSS v4.0.1 requirement testing procedures and applicable SAQ/ROC,Determine whether the Install and Maintain Network Security Controls requirement theme is satisfied for the defined cardholder data environment and validation path.,Apply only after cardholder data environment scope and applicable SAQ or ROC eligibility are documented.,"Applicable testing procedures are completed using appropriate Examine, Observe, or Interview evidence and all sampled gaps are resolved.","Evidence supports part of the requirement, but sampling, testing, customized approach, or remediation is incomplete.",The applicable requirement cannot be demonstrated for the defined cardholder data environment.,,,,
pci-dss-4.0.1,PCI DSS,pci.02,Apply Secure Configurations,Configuration,Control,Apply secure configuration standards to system components in the cardholder data environment.,PCI DSS v4.0.1: Requirement 2,,configuration_standard; hardening_report; change_record,technical,Splunk tracking,"Use a configuration dashboard or saved search to show baseline compliance, drift, and remediation status.",category.configuration,Configuration,provisional,rollup,medium,PCI DSS requirement themes provide a stable grouping for navigation and evidence collection.,approved_for_rollup,"Requirement groups are not the detailed v4.0.1 requirements and subrequirements. Validation also depends on scope, applicable testing procedures, and the selected ROC/SAQ path.","Add detailed requirements, subrequirements, testing procedures, applicability, and ROC/SAQ workflow.",Requirement and Sub-Requirement,"PCI testing procedures: Examine, Observe, Interview; customized approach where documented",Requirement results reported through applicable SAQ or ROC and attestation path,Cardholder data environment scope; SAQ eligibility or ROC path; testing samples; remediation; AOC/attestation,"Requirement themes support readiness; the applicable acquirer, payment brand, QSA, or assessor determines validation",Requirement-theme rows are roll-up navigation until detailed requirement/testing-procedure content is loaded,PCI DSS v4.0.1 requirement testing procedures and applicable SAQ/ROC,Determine whether the Apply Secure Configurations requirement theme is satisfied for the defined cardholder data environment and validation path.,Apply only after cardholder data environment scope and applicable SAQ or ROC eligibility are documented.,"Applicable testing procedures are completed using appropriate Examine, Observe, or Interview evidence and all sampled gaps are resolved.","Evidence supports part of the requirement, but sampling, testing, customized approach, or remediation is incomplete.",The applicable requirement cannot be demonstrated for the defined cardholder data environment.,,,,
pci-dss-4.0.1,PCI DSS,pci.03,Protect Stored Account Data,Data Protection,Control,"Protect stored account data with retention, minimization, masking, and cryptographic safeguards.",PCI DSS v4.0.1: Requirement 3,,data_inventory; retention_policy; encryption_configuration,hybrid,Document + Splunk tracking,"Review the data retention and protection policy, then verify actual storage, encryption, and deletion evidence.",category.data-protection,Data Protection,provisional,rollup,medium,PCI DSS requirement themes provide a stable grouping for navigation and evidence collection.,approved_for_rollup,"Requirement groups are not the detailed v4.0.1 requirements and subrequirements. Validation also depends on scope, applicable testing procedures, and the selected ROC/SAQ path.","Add detailed requirements, subrequirements, testing procedures, applicability, and ROC/SAQ workflow.",Requirement and Sub-Requirement,"PCI testing procedures: Examine, Observe, Interview; customized approach where documented",Requirement results reported through applicable SAQ or ROC and attestation path,Cardholder data environment scope; SAQ eligibility or ROC path; testing samples; remediation; AOC/attestation,"Requirement themes support readiness; the applicable acquirer, payment brand, QSA, or assessor determines validation",Requirement-theme rows are roll-up navigation until detailed requirement/testing-procedure content is loaded,PCI DSS v4.0.1 requirement testing procedures and applicable SAQ/ROC,Determine whether the Protect Stored Account Data requirement theme is satisfied for the defined cardholder data environment and validation path.,Apply only after cardholder data environment scope and applicable SAQ or ROC eligibility are documented.,"Applicable testing procedures are completed using appropriate Examine, Observe, or Interview evidence and all sampled gaps are resolved.","Evidence supports part of the requirement, but sampling, testing, customized approach, or remediation is incomplete.",The applicable requirement cannot be demonstrated for the defined cardholder data environment.,,,,
pci-dss-4.0.1,PCI DSS,pci.04,Protect Cardholder Data with Strong Cryptography During Transmission,Cryptography,Control,"Protect cardholder data during transmission over open, public networks.",PCI DSS v4.0.1: Requirement 4,,encryption_standard; tls_configuration; network_test,technical,Splunk tracking,Use configuration and network test evidence to prove approved cryptography is applied to in-scope flows.,category.cryptography,Cryptography,provisional,rollup,medium,PCI DSS requirement themes provide a stable grouping for navigation and evidence collection.,approved_for_rollup,"Requirement groups are not the detailed v4.0.1 requirements and subrequirements. Validation also depends on scope, applicable testing procedures, and the selected ROC/SAQ path.","Add detailed requirements, subrequirements, testing procedures, applicability, and ROC/SAQ workflow.",Requirement and Sub-Requirement,"PCI testing procedures: Examine, Observe, Interview; customized approach where documented",Requirement results reported through applicable SAQ or ROC and attestation path,Cardholder data environment scope; SAQ eligibility or ROC path; testing samples; remediation; AOC/attestation,"Requirement themes support readiness; the applicable acquirer, payment brand, QSA, or assessor determines validation",Requirement-theme rows are roll-up navigation until detailed requirement/testing-procedure content is loaded,PCI DSS v4.0.1 requirement testing procedures and applicable SAQ/ROC,Determine whether the Protect Cardholder Data with Strong Cryptography During Transmission requirement theme is satisfied for the defined cardholder data environment and validation path.,Apply only after cardholder data environment scope and applicable SAQ or ROC eligibility are documented.,"Applicable testing procedures are completed using appropriate Examine, Observe, or Interview evidence and all sampled gaps are resolved.","Evidence supports part of the requirement, but sampling, testing, customized approach, or remediation is incomplete.",The applicable requirement cannot be demonstrated for the defined cardholder data environment.,,,,
pci-dss-4.0.1,PCI DSS,pci.05,Protect All Systems and Networks from Malicious Software,Malware,Control,"Prevent, detect, and address malicious software on systems where it can affect account data.",PCI DSS v4.0.1: Requirement 5,,endpoint_inventory; malware_alerts; malware_policy,hybrid,Document + Splunk tracking,"Review the protection policy and use endpoint or alert tracking to prove coverage, health, and current exceptions.",category.malware,Malware,provisional,rollup,medium,PCI DSS requirement themes provide a stable grouping for navigation and evidence collection.,approved_for_rollup,"Requirement groups are not the detailed v4.0.1 requirements and subrequirements. Validation also depends on scope, applicable testing procedures, and the selected ROC/SAQ path.","Add detailed requirements, subrequirements, testing procedures, applicability, and ROC/SAQ workflow.",Requirement and Sub-Requirement,"PCI testing procedures: Examine, Observe, Interview; customized approach where documented",Requirement results reported through applicable SAQ or ROC and attestation path,Cardholder data environment scope; SAQ eligibility or ROC path; testing samples; remediation; AOC/attestation,"Requirement themes support readiness; the applicable acquirer, payment brand, QSA, or assessor determines validation",Requirement-theme rows are roll-up navigation until detailed requirement/testing-procedure content is loaded,PCI DSS v4.0.1 requirement testing procedures and applicable SAQ/ROC,Determine whether the Protect All Systems and Networks from Malicious Software requirement theme is satisfied for the defined cardholder data environment and validation path.,Apply only after cardholder data environment scope and applicable SAQ or ROC eligibility are documented.,"Applicable testing procedures are completed using appropriate Examine, Observe, or Interview evidence and all sampled gaps are resolved.","Evidence supports part of the requirement, but sampling, testing, customized approach, or remediation is incomplete.",The applicable requirement cannot be demonstrated for the defined cardholder data environment.,,,,
pci-dss-4.0.1,PCI DSS,pci.06,Develop and Maintain Secure Systems and Software,Software Security,Control,"Secure software development, vulnerability remediation, and change control for in-scope systems.",PCI DSS v4.0.1: Requirement 6,,secure_development_policy; vulnerability_report; change_record,hybrid,Document + Splunk tracking,"Review the secure development process and sample tracked vulnerabilities, code review, testing, and production changes.",category.software-security,Software Security,provisional,rollup,medium,PCI DSS requirement themes provide a stable grouping for navigation and evidence collection.,approved_for_rollup,"Requirement groups are not the detailed v4.0.1 requirements and subrequirements. Validation also depends on scope, applicable testing procedures, and the selected ROC/SAQ path.","Add detailed requirements, subrequirements, testing procedures, applicability, and ROC/SAQ workflow.",Requirement and Sub-Requirement,"PCI testing procedures: Examine, Observe, Interview; customized approach where documented",Requirement results reported through applicable SAQ or ROC and attestation path,Cardholder data environment scope; SAQ eligibility or ROC path; testing samples; remediation; AOC/attestation,"Requirement themes support readiness; the applicable acquirer, payment brand, QSA, or assessor determines validation",Requirement-theme rows are roll-up navigation until detailed requirement/testing-procedure content is loaded,PCI DSS v4.0.1 requirement testing procedures and applicable SAQ/ROC,Determine whether the Develop and Maintain Secure Systems and Software requirement theme is satisfied for the defined cardholder data environment and validation path.,Apply only after cardholder data environment scope and applicable SAQ or ROC eligibility are documented.,"Applicable testing procedures are completed using appropriate Examine, Observe, or Interview evidence and all sampled gaps are resolved.","Evidence supports part of the requirement, but sampling, testing, customized approach, or remediation is incomplete.",The applicable requirement cannot be demonstrated for the defined cardholder data environment.,,,,
pci-dss-4.0.1,PCI DSS,pci.07,Restrict Access to System Components and Cardholder Data by Business Need to Know,Access Control,Control,Restrict access based on business need to know and approved privileges.,PCI DSS v4.0.1: Requirement 7,,access_policy; role_matrix; access_review,hybrid,Document + Splunk tracking,"Review the access policy and role matrix, then verify a current access review and remediation of inappropriate access.",category.access-control,Access Control,provisional,rollup,medium,PCI DSS requirement themes provide a stable grouping for navigation and evidence collection.,approved_for_rollup,"Requirement groups are not the detailed v4.0.1 requirements and subrequirements. Validation also depends on scope, applicable testing procedures, and the selected ROC/SAQ path.","Add detailed requirements, subrequirements, testing procedures, applicability, and ROC/SAQ workflow.",Requirement and Sub-Requirement,"PCI testing procedures: Examine, Observe, Interview; customized approach where documented",Requirement results reported through applicable SAQ or ROC and attestation path,Cardholder data environment scope; SAQ eligibility or ROC path; testing samples; remediation; AOC/attestation,"Requirement themes support readiness; the applicable acquirer, payment brand, QSA, or assessor determines validation",Requirement-theme rows are roll-up navigation until detailed requirement/testing-procedure content is loaded,PCI DSS v4.0.1 requirement testing procedures and applicable SAQ/ROC,Determine whether the Restrict Access to System Components and Cardholder Data by Business Need to Know requirement theme is satisfied for the defined cardholder data environment and validation path.,Apply only after cardholder data environment scope and applicable SAQ or ROC eligibility are documented.,"Applicable testing procedures are completed using appropriate Examine, Observe, or Interview evidence and all sampled gaps are resolved.","Evidence supports part of the requirement, but sampling, testing, customized approach, or remediation is incomplete.",The applicable requirement cannot be demonstrated for the defined cardholder data environment.,,,,
pci-dss-4.0.1,PCI DSS,pci.08,Identify Users and Authenticate Access to System Components,Identity,Control,Identify users and authenticate access using accountable identities and approved authentication controls.,PCI DSS v4.0.1: Requirement 8,,identity_inventory; mfa_report; authentication_logs,technical,Splunk tracking,"Use identity tracking to show unique accounts, authentication coverage, MFA status, and exceptions.",category.identity,Identity,provisional,rollup,medium,PCI DSS requirement themes provide a stable grouping for navigation and evidence collection.,approved_for_rollup,"Requirement groups are not the detailed v4.0.1 requirements and subrequirements. Validation also depends on scope, applicable testing procedures, and the selected ROC/SAQ path.","Add detailed requirements, subrequirements, testing procedures, applicability, and ROC/SAQ workflow.",Requirement and Sub-Requirement,"PCI testing procedures: Examine, Observe, Interview; customized approach where documented",Requirement results reported through applicable SAQ or ROC and attestation path,Cardholder data environment scope; SAQ eligibility or ROC path; testing samples; remediation; AOC/attestation,"Requirement themes support readiness; the applicable acquirer, payment brand, QSA, or assessor determines validation",Requirement-theme rows are roll-up navigation until detailed requirement/testing-procedure content is loaded,PCI DSS v4.0.1 requirement testing procedures and applicable SAQ/ROC,Determine whether the Identify Users and Authenticate Access to System Components requirement theme is satisfied for the defined cardholder data environment and validation path.,Apply only after cardholder data environment scope and applicable SAQ or ROC eligibility are documented.,"Applicable testing procedures are completed using appropriate Examine, Observe, or Interview evidence and all sampled gaps are resolved.","Evidence supports part of the requirement, but sampling, testing, customized approach, or remediation is incomplete.",The applicable requirement cannot be demonstrated for the defined cardholder data environment.,,,,
pci-dss-4.0.1,PCI DSS,pci.09,Restrict Physical Access to Cardholder Data,Physical Security,Control,Protect physical media and facilities that contain or access cardholder data.,PCI DSS v4.0.1: Requirement 9,,physical_security_policy; visitor_log; media_disposal_record,document,Document review,Review the approved physical security and media disposal procedures plus representative current records.,category.physical-security,Physical Security,provisional,rollup,medium,PCI DSS requirement themes provide a stable grouping for navigation and evidence collection.,approved_for_rollup,"Requirement groups are not the detailed v4.0.1 requirements and subrequirements. Validation also depends on scope, applicable testing procedures, and the selected ROC/SAQ path.","Add detailed requirements, subrequirements, testing procedures, applicability, and ROC/SAQ workflow.",Requirement and Sub-Requirement,"PCI testing procedures: Examine, Observe, Interview; customized approach where documented",Requirement results reported through applicable SAQ or ROC and attestation path,Cardholder data environment scope; SAQ eligibility or ROC path; testing samples; remediation; AOC/attestation,"Requirement themes support readiness; the applicable acquirer, payment brand, QSA, or assessor determines validation",Requirement-theme rows are roll-up navigation until detailed requirement/testing-procedure content is loaded,PCI DSS v4.0.1 requirement testing procedures and applicable SAQ/ROC,Determine whether the Restrict Physical Access to Cardholder Data requirement theme is satisfied for the defined cardholder data environment and validation path.,Apply only after cardholder data environment scope and applicable SAQ or ROC eligibility are documented.,"Applicable testing procedures are completed using appropriate Examine, Observe, or Interview evidence and all sampled gaps are resolved.","Evidence supports part of the requirement, but sampling, testing, customized approach, or remediation is incomplete.",The applicable requirement cannot be demonstrated for the defined cardholder data environment.,,,,
pci-dss-4.0.1,PCI DSS,pci.10,Log and Monitor All Access to System Components and Cardholder Data,Logging,Control,"Log and monitor access to systems, accounts, and cardholder data to support detection and investigation.",PCI DSS v4.0.1: Requirement 10,,log_source_inventory; alert_history; review_record,technical,Splunk tracking,"Use Splunk tracking to demonstrate source coverage, time synchronization, review activity, alerting, and retained exceptions.",category.logging,Logging,provisional,rollup,medium,PCI DSS requirement themes provide a stable grouping for navigation and evidence collection.,approved_for_rollup,"Requirement groups are not the detailed v4.0.1 requirements and subrequirements. Validation also depends on scope, applicable testing procedures, and the selected ROC/SAQ path.","Add detailed requirements, subrequirements, testing procedures, applicability, and ROC/SAQ workflow.",Requirement and Sub-Requirement,"PCI testing procedures: Examine, Observe, Interview; customized approach where documented",Requirement results reported through applicable SAQ or ROC and attestation path,Cardholder data environment scope; SAQ eligibility or ROC path; testing samples; remediation; AOC/attestation,"Requirement themes support readiness; the applicable acquirer, payment brand, QSA, or assessor determines validation",Requirement-theme rows are roll-up navigation until detailed requirement/testing-procedure content is loaded,PCI DSS v4.0.1 requirement testing procedures and applicable SAQ/ROC,Determine whether the Log and Monitor All Access to System Components and Cardholder Data requirement theme is satisfied for the defined cardholder data environment and validation path.,Apply only after cardholder data environment scope and applicable SAQ or ROC eligibility are documented.,"Applicable testing procedures are completed using appropriate Examine, Observe, or Interview evidence and all sampled gaps are resolved.","Evidence supports part of the requirement, but sampling, testing, customized approach, or remediation is incomplete.",The applicable requirement cannot be demonstrated for the defined cardholder data environment.,,,,
pci-dss-4.0.1,PCI DSS,pci.11,Regularly Test Security Systems and Processes,Testing,Control,"Test security controls, vulnerability management, wireless detection, and intrusion detection at defined intervals.",PCI DSS v4.0.1: Requirement 11,,vulnerability_scan; penetration_test_report; test_record,hybrid,Document + Splunk tracking,"Review approved test scope and retain current scan, penetration, detection, and remediation results.",category.testing,Testing,provisional,rollup,medium,PCI DSS requirement themes provide a stable grouping for navigation and evidence collection.,approved_for_rollup,"Requirement groups are not the detailed v4.0.1 requirements and subrequirements. Validation also depends on scope, applicable testing procedures, and the selected ROC/SAQ path.","Add detailed requirements, subrequirements, testing procedures, applicability, and ROC/SAQ workflow.",Requirement and Sub-Requirement,"PCI testing procedures: Examine, Observe, Interview; customized approach where documented",Requirement results reported through applicable SAQ or ROC and attestation path,Cardholder data environment scope; SAQ eligibility or ROC path; testing samples; remediation; AOC/attestation,"Requirement themes support readiness; the applicable acquirer, payment brand, QSA, or assessor determines validation",Requirement-theme rows are roll-up navigation until detailed requirement/testing-procedure content is loaded,PCI DSS v4.0.1 requirement testing procedures and applicable SAQ/ROC,Determine whether the Regularly Test Security Systems and Processes requirement theme is satisfied for the defined cardholder data environment and validation path.,Apply only after cardholder data environment scope and applicable SAQ or ROC eligibility are documented.,"Applicable testing procedures are completed using appropriate Examine, Observe, or Interview evidence and all sampled gaps are resolved.","Evidence supports part of the requirement, but sampling, testing, customized approach, or remediation is incomplete.",The applicable requirement cannot be demonstrated for the defined cardholder data environment.,,,,
pci-dss-4.0.1,PCI DSS,pci.12,Support Information Security with Organizational Policies and Programs,Governance,Control,"Maintain information security policies, roles, risk processes, training, incident response, and third-party oversight.",PCI DSS v4.0.1: Requirement 12,,security_policy; risk_assessment; training_records; incident_response_plan,document,Document review,"Review the approved security program documents, ownership, training, risk review, incident response, and third-party responsibilities.",category.governance,Governance,provisional,rollup,medium,PCI DSS requirement themes provide a stable grouping for navigation and evidence collection.,approved_for_rollup,"Requirement groups are not the detailed v4.0.1 requirements and subrequirements. Validation also depends on scope, applicable testing procedures, and the selected ROC/SAQ path.","Add detailed requirements, subrequirements, testing procedures, applicability, and ROC/SAQ workflow.",Requirement and Sub-Requirement,"PCI testing procedures: Examine, Observe, Interview; customized approach where documented",Requirement results reported through applicable SAQ or ROC and attestation path,Cardholder data environment scope; SAQ eligibility or ROC path; testing samples; remediation; AOC/attestation,"Requirement themes support readiness; the applicable acquirer, payment brand, QSA, or assessor determines validation",Requirement-theme rows are roll-up navigation until detailed requirement/testing-procedure content is loaded,PCI DSS v4.0.1 requirement testing procedures and applicable SAQ/ROC,Determine whether the Support Information Security with Organizational Policies and Programs requirement theme is satisfied for the defined cardholder data environment and validation path.,Apply only after cardholder data environment scope and applicable SAQ or ROC eligibility are documented.,"Applicable testing procedures are completed using appropriate Examine, Observe, or Interview evidence and all sampled gaps are resolved.","Evidence supports part of the requirement, but sampling, testing, customized approach, or remediation is incomplete.",The applicable requirement cannot be demonstrated for the defined cardholder data environment.,,,,
